time,open,high,low,close,tick_volume,spread,real_volume
2026.05.05 00:00:00,4519.13,4521.43,4518.99,4518.99,310,35,0
2026.05.05 00:01:00,4519.0,4520.6,4517.74,4520.55,303,41,0
2026.05.05 00:02:00,4520.55,4523.53,4520.13,4523.45,345,41,0
2026.05.05 00:03:00,4523.32,4524.04,4521.27,4521.3,309,35,0
2026.05.05 00:04:00,4521.3,4523.22,4519.47,4522.79,227,42,0
2026.05.05 00:05:00,4522.79,4524.18,4522.31,4523.17,229,42,0
2026.05.05 00:06:00,4523.14,4525.34,4522.83,4524.84,277,35,0
2026.05.05 00:07:00,4524.84,4525.57,4524.28,4525.1,204,42,0
2026.05.05 00:08:00,4525.03,4526.57,4524.38,4526.25,288,42,0
2026.05.05 00:09:00,4526.43,4526.59,4524.84,4526.26,260,42,0
2026.05.05 00:10:00,4526.28,4527.03,4525.34,4525.62,283,42,0
2026.05.05 00:11:00,4525.63,4526.92,4525.27,4526.53,220,42,0
2026.05.05 00:12:00,4526.35,4526.76,4525.27,4525.81,246,35,0
2026.05.05 00:13:00,4525.74,4528.25,4525.55,4527.76,285,35,0
2026.05.05 00:14:00,4527.69,4528.41,4527.62,4527.81,171,42,0
2026.05.05 00:15:00,4527.82,4527.82,4523.1,4524.11,377,35,0
2026.05.05 00:16:00,4524.12,4525.44,4523.71,4524.51,358,42,0
2026.05.05 00:17:00,4524.55,4525.19,4524.31,4525.07,241,42,0
2026.05.05 00:18:00,4525.09,4525.49,4523.04,4523.34,279,42,0
2026.05.05 00:19:00,4523.38,4524.04,4522.57,4523.34,262,42,0
2026.05.05 00:20:00,4523.33,4523.71,4520.68,4520.9,283,42,0
2026.05.05 00:21:00,4520.85,4521.64,4519.37,4519.6,306,42,0
2026.05.05 00:22:00,4519.61,4519.85,4517.96,4518.59,271,42,0
2026.05.05 00:23:00,4518.63,4518.77,4516.91,4517.4,285,42,0
2026.05.05 00:24:00,4517.4,4519.32,4516.83,4519.29,326,42,0
2026.05.05 00:25:00,4519.29,4519.82,4518.26,4519.34,219,42,0
2026.05.05 00:26:00,4519.3,4519.65,4516.31,4516.66,251,42,0
2026.05.05 00:27:00,4516.65,4517.01,4513.37,4515.13,323,42,0
2026.05.05 00:28:00,4515.11,4515.27,4514.08,4515.14,265,41,0
2026.05.05 00:29:00,4515.14,4516.87,4514.89,4516.85,267,42,0
2026.05.05 00:30:00,4516.83,4518.14,4516.26,4517.4,273,42,0
2026.05.05 00:31:00,4517.4,4517.44,4516.02,4516.23,189,42,0
2026.05.05 00:32:00,4516.23,4517.45,4515.93,4516.77,247,42,0
2026.05.05 00:33:00,4516.79,4518.6,4516.73,4518.39,231,42,0
2026.05.05 00:34:00,4518.38,4518.57,4517.45,4518.04,208,42,0
2026.05.05 00:35:00,4518.0,4518.53,4517.56,4518.14,198,42,0
2026.05.05 00:36:00,4518.13,4520.13,4518.12,4518.92,242,42,0
2026.05.05 00:37:00,4518.94,4519.7,4518.81,4519.37,173,42,0
2026.05.05 00:38:00,4519.38,4520.43,4519.25,4519.44,222,42,0
2026.05.05 00:39:00,4519.44,4521.38,4519.31,4520.77,191,42,0
2026.05.05 00:40:00,4520.83,4521.84,4520.78,4521.82,171,42,0
2026.05.05 00:41:00,4521.94,4522.25,4520.0,4520.08,181,42,0
2026.05.05 00:42:00,4520.07,4520.93,4519.74,4520.66,196,42,0
2026.05.05 00:43:00,4520.66,4522.88,4520.08,4522.6,234,42,0
2026.05.05 00:44:00,4522.57,4524.17,4522.57,4523.7,183,42,0
2026.05.05 00:45:00,4523.9,4525.01,4523.9,4524.51,227,42,0
2026.05.05 00:46:00,4524.49,4526.5,4524.09,4525.97,229,42,0
2026.05.05 00:47:00,4525.94,4526.93,4525.55,4526.73,209,35,0
2026.05.05 00:48:00,4526.77,4527.71,4526.77,4527.42,205,42,0
2026.05.05 00:49:00,4527.42,4527.71,4525.51,4526.54,247,35,0
2026.05.05 00:50:00,4526.55,4527.65,4526.31,4527.35,225,42,0
2026.05.05 00:51:00,4527.38,4527.57,4525.68,4527.23,192,42,0
2026.05.05 00:52:00,4527.55,4528.01,4527.1,4527.58,185,42,0
2026.05.05 00:53:00,4527.6,4527.89,4526.99,4527.2,178,42,0
2026.05.05 00:54:00,4527.23,4529.48,4527.22,4528.5,240,42,0
2026.05.05 00:55:00,4528.59,4529.31,4527.93,4528.05,224,42,0
2026.05.05 00:56:00,4528.05,4528.45,4527.08,4527.84,212,42,0
2026.05.05 00:57:00,4527.83,4529.47,4527.72,4529.07,238,42,0
2026.05.05 00:58:00,4529.14,4530.32,4528.81,4528.81,208,42,0
2026.05.05 00:59:00,4528.81,4529.95,4528.11,4529.84,198,42,0
2026.05.05 01:00:00,4529.51,4530.14,4525.27,4527.61,348,42,0
2026.05.05 01:01:00,4527.61,4528.69,4527.2,4528.27,307,42,0
2026.05.05 01:02:00,4528.27,4533.43,4527.78,4532.27,348,42,0
2026.05.05 01:03:00,4532.19,4533.66,4531.71,4533.36,317,42,0
2026.05.05 01:04:00,4533.36,4534.32,4532.26,4534.26,235,42,0
2026.05.05 01:05:00,4534.59,4535.52,4533.29,4535.08,311,42,0
2026.05.05 01:06:00,4535.34,4535.42,4533.36,4533.55,248,42,0
2026.05.05 01:07:00,4533.57,4534.8,4533.38,4534.45,237,42,0
2026.05.05 01:08:00,4534.44,4535.64,4534.39,4535.16,224,42,0
2026.05.05 01:09:00,4535.15,4535.82,4533.85,4534.52,252,42,0
2026.05.05 01:10:00,4534.54,4534.97,4533.79,4533.85,177,42,0
2026.05.05 01:11:00,4533.94,4535.75,4533.86,4535.27,229,42,0
2026.05.05 01:12:00,4535.31,4535.65,4533.91,4534.89,227,42,0
2026.05.05 01:13:00,4534.84,4538.23,4534.84,4538.1,292,42,0
2026.05.05 01:14:00,4538.05,4539.3,4537.63,4538.85,281,42,0
2026.05.05 01:15:00,4538.75,4539.9,4538.49,4539.43,208,42,0
2026.05.05 01:16:00,4539.43,4539.85,4538.65,4538.96,176,42,0
2026.05.05 01:17:00,4538.96,4539.35,4538.01,4538.32,214,42,0
2026.05.05 01:18:00,4538.32,4538.58,4536.09,4536.51,239,41,0
2026.05.05 01:19:00,4536.52,4537.37,4535.85,4536.83,202,42,0
2026.05.05 01:20:00,4536.81,4538.51,4536.64,4537.87,206,42,0
2026.05.05 01:21:00,4537.71,4539.28,4536.63,4538.38,239,42,0
2026.05.05 01:22:00,4538.27,4539.78,4538.01,4538.63,277,42,0
2026.05.05 01:23:00,4538.62,4538.62,4536.97,4537.8,259,42,0
2026.05.05 01:24:00,4537.77,4538.27,4537.3,4537.81,213,42,0
2026.05.05 01:25:00,4537.8,4537.93,4535.41,4535.47,245,42,0
2026.05.05 01:26:00,4535.48,4536.39,4535.28,4535.68,264,42,0
2026.05.05 01:27:00,4535.68,4536.54,4535.05,4535.62,210,42,0
2026.05.05 01:28:00,4535.62,4535.88,4535.36,4535.76,149,42,0
2026.05.05 01:29:00,4535.74,4538.21,4535.71,4537.57,226,42,0
2026.05.05 01:30:00,4537.57,4538.18,4535.75,4537.63,324,42,0
2026.05.05 01:31:00,4537.62,4537.67,4534.01,4534.82,296,42,0
2026.05.05 01:32:00,4534.81,4535.25,4534.05,4534.91,235,42,0
2026.05.05 01:33:00,4534.91,4536.31,4534.35,4535.84,222,42,0
2026.05.05 01:34:00,4535.84,4536.33,4534.68,4534.7,210,42,0
2026.05.05 01:35:00,4534.68,4535.31,4534.23,4534.85,206,42,0
2026.05.05 01:36:00,4534.85,4539.24,4534.8,4539.16,235,42,0
2026.05.05 01:37:00,4539.27,4542.0,4538.84,4539.52,378,42,0
2026.05.05 01:38:00,4539.52,4541.69,4538.67,4538.82,279,42,0
2026.05.05 01:39:00,4538.83,4539.54,4536.86,4537.15,252,42,0
2026.05.05 01:40:00,4537.13,4539.14,4537.04,4537.89,293,42,0
2026.05.05 01:41:00,4537.91,4538.41,4536.53,4536.89,244,42,0
2026.05.05 01:42:00,4536.88,4537.66,4536.65,4537.4,198,42,0
2026.05.05 01:43:00,4537.4,4538.47,4535.82,4538.32,247,42,0
2026.05.05 01:44:00,4538.43,4539.17,4536.42,4536.82,267,42,0
2026.05.05 01:45:00,4536.82,4537.39,4536.16,4536.96,222,42,0
2026.05.05 01:46:00,4536.97,4538.21,4536.79,4537.23,230,42,0
2026.05.05 01:47:00,4537.22,4538.03,4537.22,4537.96,200,42,0
2026.05.05 01:48:00,4537.96,4540.03,4537.38,4539.81,225,42,0
2026.05.05 01:49:00,4539.86,4540.57,4538.96,4539.56,242,42,0
2026.05.05 01:50:00,4539.54,4540.06,4538.77,4539.47,248,42,0
2026.05.05 01:51:00,4539.45,4540.12,4538.59,4539.12,185,42,0
2026.05.05 01:52:00,4539.08,4539.33,4538.34,4539.09,186,42,0
2026.05.05 01:53:00,4539.09,4540.46,4538.91,4539.79,219,42,0
2026.05.05 01:54:00,4539.7,4539.81,4537.79,4538.04,210,42,0
2026.05.05 01:55:00,4538.01,4538.77,4537.07,4538.71,218,42,0
2026.05.05 01:56:00,4538.69,4539.37,4538.64,4539.23,181,42,0
2026.05.05 01:57:00,4539.22,4540.32,4538.99,4539.66,197,42,0
2026.05.05 01:58:00,4539.66,4540.68,4539.53,4540.2,135,42,0
2026.05.05 01:59:00,4540.19,4541.14,4539.55,4540.72,201,42,0
2026.05.05 02:00:00,4540.75,4542.09,4540.47,4540.83,278,42,0
2026.05.05 02:01:00,4540.68,4542.31,4540.44,4542.14,215,42,0
2026.05.05 02:02:00,4542.17,4542.5,4540.56,4540.67,228,42,0
2026.05.05 02:03:00,4540.69,4542.08,4540.65,4541.77,168,42,0
2026.05.05 02:04:00,4541.82,4542.13,4539.14,4539.22,233,42,0
2026.05.05 02:05:00,4539.22,4539.72,4537.71,4538.42,205,42,0
2026.05.05 02:06:00,4538.42,4538.61,4537.3,4538.5,191,42,0
2026.05.05 02:07:00,4538.49,4539.11,4537.96,4538.75,219,35,0
2026.05.05 02:08:00,4538.87,4539.52,4538.42,4539.38,206,35,0
2026.05.05 02:09:00,4539.34,4539.55,4538.08,4538.23,176,39,0
2026.05.05 02:10:00,4538.24,4538.76,4537.93,4538.57,244,35,0
2026.05.05 02:11:00,4538.63,4539.91,4538.33,4539.65,233,35,0
2026.05.05 02:12:00,4539.65,4539.72,4538.6,4539.13,210,35,0
2026.05.05 02:13:00,4539.11,4539.7,4538.44,4538.55,188,35,0
2026.05.05 02:14:00,4538.54,4538.8,4537.27,4538.37,225,35,0
2026.05.05 02:15:00,4538.33,4538.69,4537.78,4538.53,193,42,0
2026.05.05 02:16:00,4538.55,4539.44,4538.05,4538.27,233,35,0
2026.05.05 02:17:00,4538.27,4538.48,4537.55,4537.89,226,35,0
2026.05.05 02:18:00,4537.89,4537.94,4536.57,4536.66,193,42,0
2026.05.05 02:19:00,4536.66,4536.8,4535.38,4535.38,173,42,0
2026.05.05 02:20:00,4535.73,4536.55,4534.55,4536.55,251,42,0
2026.05.05 02:21:00,4536.55,4537.51,4535.83,4537.21,147,42,0
2026.05.05 02:22:00,4537.16,4537.57,4536.7,4536.91,140,42,0
2026.05.05 02:23:00,4537.1,4537.89,4537.09,4537.82,152,42,0
2026.05.05 02:24:00,4537.82,4538.2,4537.27,4538.14,153,42,0
2026.05.05 02:25:00,4538.13,4538.35,4537.45,4537.71,165,42,0
2026.05.05 02:26:00,4537.75,4539.8,4537.58,4539.59,188,42,0
2026.05.05 02:27:00,4539.59,4540.57,4539.59,4540.57,199,42,0
2026.05.05 02:28:00,4540.61,4541.6,4540.61,4541.19,192,42,0
2026.05.05 02:29:00,4541.26,4541.47,4540.65,4541.4,197,42,0
2026.05.05 02:30:00,4541.42,4542.04,4540.99,4541.58,228,42,0
2026.05.05 02:31:00,4541.56,4541.99,4540.89,4541.43,182,42,0
2026.05.05 02:32:00,4541.46,4543.61,4540.87,4542.77,222,42,0
2026.05.05 02:33:00,4542.77,4543.16,4541.14,4541.72,172,42,0
2026.05.05 02:34:00,4541.72,4541.72,4540.06,4541.4,225,42,0
2026.05.05 02:35:00,4541.39,4541.4,4540.34,4541.11,159,42,0
2026.05.05 02:36:00,4541.12,4542.35,4541.12,4541.82,174,42,0
2026.05.05 02:37:00,4541.82,4542.35,4541.26,4541.51,188,42,0
2026.05.05 02:38:00,4541.51,4541.54,4541.11,4541.35,174,42,0
2026.05.05 02:39:00,4541.35,4542.67,4541.35,4542.27,174,42,0
2026.05.05 02:40:00,4542.28,4542.43,4542.02,4542.4,128,42,0
2026.05.05 02:41:00,4542.41,4543.16,4541.78,4542.54,184,42,0
2026.05.05 02:42:00,4542.56,4543.61,4542.56,4543.54,163,42,0
2026.05.05 02:43:00,4543.86,4545.69,4543.83,4545.06,258,35,0
2026.05.05 02:44:00,4545.06,4545.16,4544.03,4544.3,205,42,0
2026.05.05 02:45:00,4544.3,4545.03,4543.53,4543.78,193,42,0
2026.05.05 02:46:00,4543.79,4544.47,4542.86,4543.96,245,42,0
2026.05.05 02:47:00,4543.97,4545.27,4543.97,4545.22,203,42,0
2026.05.05 02:48:00,4545.21,4546.61,4545.09,4546.01,287,42,0
2026.05.05 02:49:00,4546.01,4546.7,4543.09,4544.08,365,42,0
2026.05.05 02:50:00,4544.12,4544.31,4541.59,4542.36,295,42,0
2026.05.05 02:51:00,4542.36,4543.48,4542.23,4543.44,199,42,0
2026.05.05 02:52:00,4543.44,4543.49,4542.31,4542.67,168,42,0
2026.05.05 02:53:00,4542.71,4543.01,4542.3,4542.64,143,42,0
2026.05.05 02:54:00,4542.64,4542.64,4541.51,4541.83,200,42,0
2026.05.05 02:55:00,4541.79,4541.96,4540.79,4541.29,230,42,0
2026.05.05 02:56:00,4541.25,4541.3,4539.4,4540.86,234,42,0
2026.05.05 02:57:00,4540.86,4541.19,4540.58,4540.8,117,42,0
2026.05.05 02:58:00,4540.79,4541.23,4540.35,4540.88,174,42,0
2026.05.05 02:59:00,4540.88,4540.89,4538.73,4538.94,194,42,0
2026.05.05 03:00:00,4538.76,4539.18,4537.55,4537.58,242,42,0
2026.05.05 03:01:00,4537.56,4540.18,4537.55,4539.62,245,42,0
2026.05.05 03:02:00,4539.62,4540.77,4539.35,4540.68,240,42,0
2026.05.05 03:03:00,4540.67,4540.68,4539.45,4540.28,152,42,0
2026.05.05 03:04:00,4540.26,4540.94,4539.91,4540.94,163,42,0
2026.05.05 03:05:00,4540.92,4541.78,4540.82,4541.39,137,42,0
2026.05.05 03:06:00,4541.39,4541.97,4541.38,4541.5,197,42,0
2026.05.05 03:07:00,4541.49,4541.49,4540.19,4540.48,150,42,0
2026.05.05 03:08:00,4540.46,4540.6,4539.82,4540.11,166,42,0
2026.05.05 03:09:00,4540.08,4541.01,4539.8,4540.86,123,42,0
2026.05.05 03:10:00,4540.84,4541.26,4540.03,4540.05,177,42,0
2026.05.05 03:11:00,4540.02,4540.62,4539.55,4540.44,152,42,0
2026.05.05 03:12:00,4540.37,4541.47,4540.37,4541.11,198,42,0
2026.05.05 03:13:00,4541.12,4542.2,4541.03,4541.56,132,42,0
2026.05.05 03:14:00,4541.56,4542.09,4541.2,4541.8,130,42,0
2026.05.05 03:15:00,4541.8,4542.51,4541.68,4541.68,150,42,0
2026.05.05 03:16:00,4541.67,4542.27,4541.26,4541.95,137,42,0
2026.05.05 03:17:00,4541.82,4541.89,4540.43,4540.57,126,42,0
2026.05.05 03:18:00,4540.57,4540.69,4539.8,4539.95,112,42,0
2026.05.05 03:19:00,4540.15,4540.54,4539.57,4540.41,143,42,0
2026.05.05 03:20:00,4540.4,4541.95,4540.24,4540.59,164,42,0
2026.05.05 03:21:00,4540.62,4540.77,4540.37,4540.39,115,42,0
2026.05.05 03:22:00,4540.39,4540.47,4540.11,4540.22,103,42,0
2026.05.05 03:23:00,4540.21,4540.21,4538.26,4538.36,134,42,0
2026.05.05 03:24:00,4538.37,4538.81,4537.31,4538.32,200,35,0
2026.05.05 03:25:00,4538.35,4538.55,4537.65,4538.3,182,42,0
2026.05.05 03:26:00,4538.3,4538.5,4537.36,4538.48,191,42,0
2026.05.05 03:27:00,4538.48,4539.51,4538.25,4539.09,238,42,0
2026.05.05 03:28:00,4539.08,4539.13,4537.1,4537.53,210,42,0
2026.05.05 03:29:00,4537.53,4538.06,4537.4,4537.87,124,42,0
2026.05.05 03:30:00,4537.85,4537.85,4537.15,4537.34,189,42,0
2026.05.05 03:31:00,4537.29,4537.67,4536.72,4537.59,233,42,0
2026.05.05 03:32:00,4537.46,4537.69,4536.96,4537.11,180,42,0
2026.05.05 03:33:00,4537.1,4537.69,4536.9,4536.98,141,42,0
2026.05.05 03:34:00,4536.97,4538.23,4536.74,4538.23,139,42,0
2026.05.05 03:35:00,4538.16,4538.8,4537.43,4538.35,228,42,0
2026.05.05 03:36:00,4538.47,4538.65,4538.16,4538.24,105,42,0
2026.05.05 03:37:00,4538.26,4539.11,4537.9,4538.46,142,42,0
2026.05.05 03:38:00,4538.45,4538.47,4537.37,4537.65,166,42,0
2026.05.05 03:39:00,4537.58,4538.86,4537.58,4538.46,149,42,0
2026.05.05 03:40:00,4538.4,4538.47,4537.53,4537.59,121,42,0
2026.05.05 03:41:00,4537.6,4537.88,4537.34,4537.39,150,42,0
2026.05.05 03:42:00,4537.32,4537.6,4536.52,4536.8,172,42,0
2026.05.05 03:43:00,4536.8,4536.81,4535.44,4535.99,252,42,0
2026.05.05 03:44:00,4536.0,4536.61,4535.76,4536.02,136,42,0
2026.05.05 03:45:00,4536.01,4536.5,4535.52,4536.5,235,41,0
2026.05.05 03:46:00,4536.5,4537.02,4536.15,4536.99,149,42,0
2026.05.05 03:47:00,4537.0,4537.0,4536.06,4536.16,110,42,0
2026.05.05 03:48:00,4536.18,4536.41,4535.78,4535.89,118,42,0
2026.05.05 03:49:00,4535.88,4536.8,4535.62,4536.32,139,42,0
2026.05.05 03:50:00,4536.3,4536.51,4536.02,4536.02,93,42,0
2026.05.05 03:51:00,4535.97,4535.98,4534.84,4534.96,182,42,0
2026.05.05 03:52:00,4534.96,4535.69,4534.71,4535.08,247,42,0
2026.05.05 03:53:00,4535.26,4536.4,4535.06,4536.32,184,42,0
2026.05.05 03:54:00,4536.32,4536.53,4534.85,4534.92,179,42,0
2026.05.05 03:55:00,4534.98,4535.66,4534.92,4535.03,246,43,0
2026.05.05 03:56:00,4535.04,4535.11,4534.06,4534.77,246,42,0
2026.05.05 03:57:00,4535.3,4535.33,4533.77,4533.84,207,42,0
2026.05.05 03:58:00,4533.83,4535.58,4532.28,4535.4,266,42,0
2026.05.05 03:59:00,4535.42,4535.42,4534.36,4534.46,165,42,0
2026.05.05 04:00:00,4534.37,4535.47,4534.33,4534.98,169,42,0
2026.05.05 04:01:00,4534.91,4535.58,4534.62,4535.37,149,42,0
2026.05.05 04:02:00,4535.32,4535.85,4534.63,4534.7,125,42,0
2026.05.05 04:03:00,4534.71,4534.71,4533.17,4533.31,193,42,0
2026.05.05 04:04:00,4533.32,4535.27,4533.28,4534.88,203,42,0
2026.05.05 04:05:00,4534.88,4535.57,4534.82,4535.29,146,42,0
2026.05.05 04:06:00,4535.32,4535.35,4533.9,4534.0,169,42,0
2026.05.05 04:07:00,4533.99,4534.4,4533.16,4534.19,176,42,0
2026.05.05 04:08:00,4534.13,4534.47,4533.86,4533.95,120,42,0
2026.05.05 04:09:00,4533.96,4534.62,4533.66,4533.66,115,42,0
2026.05.05 04:10:00,4533.64,4533.94,4533.23,4533.51,144,42,0
2026.05.05 04:11:00,4533.51,4534.05,4533.43,4533.6,130,42,0
2026.05.05 04:12:00,4533.6,4533.84,4533.32,4533.66,144,42,0
2026.05.05 04:13:00,4533.69,4533.86,4532.77,4532.77,148,42,0
2026.05.05 04:14:00,4532.77,4533.09,4532.4,4532.81,156,42,0
2026.05.05 04:15:00,4532.83,4533.4,4532.39,4533.29,152,42,0
2026.05.05 04:16:00,4533.29,4533.3,4532.51,4532.59,108,42,0
2026.05.05 04:17:00,4532.61,4533.55,4532.61,4533.48,124,42,0
2026.05.05 04:18:00,4533.49,4533.71,4530.48,4531.26,312,41,0
2026.05.05 04:19:00,4531.22,4531.86,4530.8,4530.8,280,43,0
2026.05.05 04:20:00,4530.8,4530.97,4529.73,4530.19,221,42,0
2026.05.05 04:21:00,4530.22,4532.1,4529.99,4531.83,204,42,0
2026.05.05 04:22:00,4531.82,4532.19,4531.47,4531.64,180,42,0
2026.05.05 04:23:00,4531.7,4532.69,4531.47,4532.59,156,42,0
2026.05.05 04:24:00,4532.74,4533.05,4530.5,4530.59,196,42,0
2026.05.05 04:25:00,4530.59,4531.0,4529.71,4530.66,235,42,0
2026.05.05 04:26:00,4530.66,4531.04,4530.37,4530.57,138,42,0
2026.05.05 04:27:00,4530.5,4531.13,4530.34,4530.53,172,42,0
2026.05.05 04:28:00,4530.55,4530.57,4529.36,4530.07,206,42,0
2026.05.05 04:29:00,4530.06,4530.22,4529.39,4529.39,107,35,0
2026.05.05 04:30:00,4529.38,4530.79,4527.83,4530.17,293,35,0
2026.05.05 04:31:00,4530.17,4531.47,4529.5,4531.41,222,42,0
2026.05.05 04:32:00,4531.45,4532.58,4530.94,4532.48,242,42,0
2026.05.05 04:33:00,4532.48,4533.24,4531.57,4532.81,278,42,0
2026.05.05 04:34:00,4532.79,4533.64,4532.56,4532.75,236,42,0
2026.05.05 04:35:00,4532.75,4533.38,4531.63,4531.63,221,42,0
2026.05.05 04:36:00,4531.69,4532.47,4531.57,4532.19,221,42,0
2026.05.05 04:37:00,4532.18,4532.41,4531.68,4531.93,249,42,0
2026.05.05 04:38:00,4531.94,4531.97,4531.18,4531.51,246,42,0
2026.05.05 04:39:00,4531.52,4531.75,4530.96,4531.39,216,43,0
2026.05.05 04:40:00,4531.44,4531.89,4530.96,4531.45,182,42,0
2026.05.05 04:41:00,4531.45,4532.07,4531.45,4531.69,135,42,0
2026.05.05 04:42:00,4531.7,4531.83,4531.2,4531.4,178,42,0
2026.05.05 04:43:00,4531.38,4531.64,4531.14,4531.46,150,42,0
2026.05.05 04:44:00,4531.48,4531.87,4531.43,4531.57,114,42,0
2026.05.05 04:45:00,4531.59,4531.8,4531.07,4531.59,163,42,0
2026.05.05 04:46:00,4531.59,4533.51,4531.58,4533.43,175,42,0
2026.05.05 04:47:00,4533.43,4534.52,4533.25,4533.97,233,42,0
2026.05.05 04:48:00,4533.98,4534.02,4533.29,4533.66,221,43,0
2026.05.05 04:49:00,4533.61,4534.51,4533.5,4534.5,155,42,0
2026.05.05 04:50:00,4534.5,4535.02,4533.71,4534.83,250,42,0
2026.05.05 04:51:00,4534.83,4535.13,4533.89,4534.13,177,42,0
2026.05.05 04:52:00,4534.08,4534.38,4533.68,4534.14,228,42,0
2026.05.05 04:53:00,4534.15,4535.95,4533.57,4535.79,273,42,0
2026.05.05 04:54:00,4535.77,4536.75,4534.38,4534.75,262,42,0
2026.05.05 04:55:00,4534.75,4535.1,4531.91,4531.93,308,43,0
2026.05.05 04:56:00,4531.93,4532.94,4531.76,4532.38,269,42,0
2026.05.05 04:57:00,4532.36,4532.7,4531.41,4532.44,272,42,0
2026.05.05 04:58:00,4532.44,4532.87,4531.62,4532.62,257,42,0
2026.05.05 04:59:00,4532.62,4533.76,4532.54,4533.63,207,42,0
2026.05.05 05:00:00,4533.62,4533.79,4531.23,4531.23,275,42,0
2026.05.05 05:01:00,4531.25,4534.31,4531.24,4534.2,296,42,0
2026.05.05 05:02:00,4534.22,4535.44,4532.65,4535.23,357,42,0
2026.05.05 05:03:00,4535.37,4536.66,4535.18,4535.43,288,42,0
2026.05.05 05:04:00,4535.41,4536.79,4535.41,4536.66,235,42,0
2026.05.05 05:05:00,4536.67,4537.04,4535.97,4536.76,274,42,0
2026.05.05 05:06:00,4536.78,4538.43,4536.69,4538.19,313,42,0
2026.05.05 05:07:00,4538.21,4541.98,4538.21,4541.83,337,35,0
2026.05.05 05:08:00,4541.88,4545.38,4541.75,4544.47,406,35,0
2026.05.05 05:09:00,4544.53,4544.9,4542.64,4543.03,290,35,0
2026.05.05 05:10:00,4543.02,4544.23,4542.16,4542.44,333,42,0
2026.05.05 05:11:00,4542.51,4542.58,4541.43,4542.57,277,42,0
2026.05.05 05:12:00,4542.6,4542.6,4541.08,4541.37,224,42,0
2026.05.05 05:13:00,4541.52,4541.82,4539.88,4541.12,213,42,0
2026.05.05 05:14:00,4541.06,4541.11,4539.94,4540.26,172,42,0
2026.05.05 05:15:00,4540.26,4540.39,4539.47,4539.52,181,42,0
2026.05.05 05:16:00,4539.5,4539.6,4538.65,4539.12,218,42,0
2026.05.05 05:17:00,4539.12,4539.2,4537.21,4537.3,223,42,0
2026.05.05 05:18:00,4537.37,4537.37,4535.66,4536.18,228,42,0
2026.05.05 05:19:00,4536.13,4537.16,4535.79,4536.59,225,42,0
2026.05.05 05:20:00,4536.59,4537.7,4536.51,4536.74,199,42,0
2026.05.05 05:21:00,4536.74,4538.36,4536.59,4537.79,212,35,0
2026.05.05 05:22:00,4537.78,4538.59,4537.45,4537.77,171,42,0
2026.05.05 05:23:00,4537.77,4538.62,4537.74,4538.6,196,42,0
2026.05.05 05:24:00,4538.54,4539.55,4538.36,4539.53,235,42,0
2026.05.05 05:25:00,4539.53,4540.16,4538.96,4539.98,249,43,0
2026.05.05 05:26:00,4539.56,4539.56,4537.67,4539.01,194,42,0
2026.05.05 05:27:00,4539.02,4539.38,4538.46,4538.98,176,42,0
2026.05.05 05:28:00,4539.07,4539.79,4538.56,4539.57,148,42,0
2026.05.05 05:29:00,4539.55,4540.01,4539.12,4539.89,169,42,0
2026.05.05 05:30:00,4539.95,4542.1,4539.88,4541.63,225,35,0
2026.05.05 05:31:00,4541.64,4542.54,4541.11,4541.86,202,35,0
2026.05.05 05:32:00,4541.86,4541.86,4539.74,4539.9,211,42,0
2026.05.05 05:33:00,4540.12,4543.28,4540.12,4542.59,271,42,0
2026.05.05 05:34:00,4542.59,4547.03,4542.24,4546.89,352,35,0
2026.05.05 05:35:00,4546.86,4550.95,4546.37,4549.84,457,35,0
2026.05.05 05:36:00,4549.93,4549.93,4547.27,4547.37,357,35,0
2026.05.05 05:37:00,4547.38,4549.2,4547.27,4548.69,355,42,0
2026.05.05 05:38:00,4548.77,4549.29,4547.99,4549.11,336,42,0
2026.05.05 05:39:00,4549.07,4550.79,4548.34,4548.34,344,42,0
2026.05.05 05:40:00,4548.26,4550.51,4548.26,4550.05,298,42,0
2026.05.05 05:41:00,4550.13,4550.48,4548.92,4549.09,241,42,0
2026.05.05 05:42:00,4549.23,4551.49,4548.93,4551.29,275,42,0
2026.05.05 05:43:00,4551.29,4551.29,4545.98,4546.85,374,42,0
2026.05.05 05:44:00,4546.85,4547.06,4545.82,4545.93,224,42,0
2026.05.05 05:45:00,4545.93,4546.11,4545.15,4546.01,324,43,0
2026.05.05 05:46:00,4546.01,4547.6,4545.91,4547.6,251,42,0
2026.05.05 05:47:00,4547.67,4547.9,4545.75,4545.99,288,42,0
2026.05.05 05:48:00,4545.99,4546.55,4545.77,4546.36,204,42,0
2026.05.05 05:49:00,4546.38,4548.01,4546.13,4547.34,201,42,0
2026.05.05 05:50:00,4547.41,4548.83,4547.3,4548.28,241,42,0
2026.05.05 05:51:00,4548.28,4548.28,4546.72,4546.79,180,42,0
2026.05.05 05:52:00,4546.79,4546.8,4544.82,4544.9,201,42,0
2026.05.05 05:53:00,4544.9,4545.38,4544.66,4545.31,206,42,0
2026.05.05 05:54:00,4545.2,4545.52,4544.36,4545.13,276,43,0
2026.05.05 05:55:00,4545.17,4545.6,4543.43,4544.44,281,42,0
2026.05.05 05:56:00,4544.31,4544.81,4544.11,4544.65,171,42,0
2026.05.05 05:57:00,4544.66,4545.11,4543.5,4543.56,129,42,0
2026.05.05 05:58:00,4543.58,4545.74,4543.58,4545.58,171,42,0
2026.05.05 05:59:00,4545.57,4547.27,4544.78,4545.55,226,42,0
2026.05.05 06:00:00,4545.67,4550.22,4545.67,4549.53,329,42,0
2026.05.05 06:01:00,4549.52,4552.03,4545.86,4547.25,375,42,0
2026.05.05 06:02:00,4547.25,4548.69,4545.54,4546.41,365,42,0
2026.05.05 06:03:00,4546.43,4547.73,4546.15,4546.29,248,42,0
2026.05.05 06:04:00,4546.11,4547.02,4543.63,4543.87,307,43,0
2026.05.05 06:05:00,4543.92,4544.18,4541.81,4542.24,289,35,0
2026.05.05 06:06:00,4542.24,4543.15,4541.38,4542.98,292,35,0
2026.05.05 06:07:00,4543.07,4545.51,4542.65,4544.56,281,35,0
2026.05.05 06:08:00,4544.56,4545.49,4543.44,4544.47,242,42,0
2026.05.05 06:09:00,4544.3,4544.83,4542.64,4543.87,230,42,0
2026.05.05 06:10:00,4543.86,4544.62,4542.26,4544.07,257,42,0
2026.05.05 06:11:00,4544.08,4544.26,4542.62,4543.37,240,42,0
2026.05.05 06:12:00,4543.43,4543.49,4542.2,4542.58,222,42,0
2026.05.05 06:13:00,4542.6,4545.3,4542.55,4544.79,288,42,0
2026.05.05 06:14:00,4544.79,4545.68,4542.61,4543.42,263,42,0
2026.05.05 06:15:00,4543.44,4544.7,4542.67,4543.05,209,42,0
2026.05.05 06:16:00,4543.09,4543.16,4542.02,4542.18,213,42,0
2026.05.05 06:17:00,4542.17,4542.78,4540.75,4540.81,253,42,0
2026.05.05 06:18:00,4540.81,4540.81,4539.37,4539.87,272,42,0
2026.05.05 06:19:00,4539.87,4539.87,4538.87,4538.92,244,42,0
2026.05.05 06:20:00,4538.91,4539.78,4537.43,4538.67,289,35,0
2026.05.05 06:21:00,4538.65,4538.65,4536.49,4537.48,286,42,0
2026.05.05 06:22:00,4537.47,4537.54,4535.22,4537.36,236,42,0
2026.05.05 06:23:00,4537.31,4537.6,4536.7,4536.96,126,42,0
2026.05.05 06:24:00,4536.96,4537.49,4533.54,4535.05,290,35,0
2026.05.05 06:25:00,4535.08,4536.25,4534.76,4534.76,251,35,0
2026.05.05 06:26:00,4534.7,4535.09,4534.23,4534.91,259,42,0
2026.05.05 06:27:00,4534.92,4537.2,4534.9,4537.0,239,42,0
2026.05.05 06:28:00,4536.37,4537.28,4535.82,4536.11,236,42,0
2026.05.05 06:29:00,4536.11,4537.78,4535.74,4536.81,221,42,0
2026.05.05 06:30:00,4536.81,4541.02,4536.2,4540.55,377,42,0
2026.05.05 06:31:00,4540.56,4541.14,4538.52,4539.36,234,42,0
2026.05.05 06:32:00,4539.36,4540.87,4539.02,4540.83,227,42,0
2026.05.05 06:33:00,4540.86,4543.45,4540.82,4543.45,251,42,0
2026.05.05 06:34:00,4543.42,4544.03,4542.62,4542.75,252,35,0
2026.05.05 06:35:00,4542.76,4544.3,4542.23,4543.83,264,42,0
2026.05.05 06:36:00,4543.83,4545.79,4543.66,4545.75,327,35,0
2026.05.05 06:37:00,4545.75,4547.23,4545.14,4545.45,341,35,0
2026.05.05 06:38:00,4545.38,4548.5,4544.96,4547.13,275,35,0
2026.05.05 06:39:00,4547.16,4549.35,4546.94,4547.91,266,35,0
2026.05.05 06:40:00,4547.78,4547.95,4545.74,4546.56,278,35,0
2026.05.05 06:41:00,4546.5,4547.76,4546.33,4546.96,251,35,0
2026.05.05 06:42:00,4546.96,4547.43,4545.96,4547.15,215,35,0
2026.05.05 06:43:00,4547.15,4548.68,4545.8,4546.02,268,41,0
2026.05.05 06:44:00,4546.02,4546.65,4544.82,4546.36,311,42,0
2026.05.05 06:45:00,4546.4,4547.22,4545.38,4546.9,239,42,0
2026.05.05 06:46:00,4546.91,4548.27,4546.61,4546.89,262,42,0
2026.05.05 06:47:00,4546.74,4547.05,4545.95,4546.0,214,35,0
2026.05.05 06:48:00,4546.01,4546.86,4545.68,4546.78,204,42,0
2026.05.05 06:49:00,4546.83,4548.53,4546.57,4548.38,249,42,0
2026.05.05 06:50:00,4548.65,4549.51,4547.73,4548.75,247,41,0
2026.05.05 06:51:00,4548.75,4549.16,4548.08,4548.73,233,42,0
2026.05.05 06:52:00,4548.69,4549.76,4548.66,4549.06,229,42,0
2026.05.05 06:53:00,4549.07,4549.77,4548.11,4549.61,226,42,0
2026.05.05 06:54:00,4549.71,4550.89,4549.47,4550.04,248,42,0
2026.05.05 06:55:00,4550.02,4551.11,4549.42,4550.72,278,35,0
2026.05.05 06:56:00,4550.69,4550.88,4548.23,4548.52,273,35,0
2026.05.05 06:57:00,4548.52,4548.97,4546.68,4547.92,306,43,0
2026.05.05 06:58:00,4547.94,4548.47,4547.46,4547.97,267,42,0
2026.05.05 06:59:00,4548.04,4548.6,4547.21,4548.21,262,42,0
2026.05.05 07:00:00,4548.24,4551.87,4547.63,4550.78,345,35,0
2026.05.05 07:01:00,4550.77,4552.11,4549.85,4550.97,303,35,0
2026.05.05 07:02:00,4550.96,4553.72,4550.83,4553.72,289,35,0
2026.05.05 07:03:00,4553.67,4553.79,4552.12,4552.82,309,35,0
2026.05.05 07:04:00,4552.82,4554.21,4552.27,4552.79,280,35,0
2026.05.05 07:05:00,4552.76,4553.31,4551.13,4552.39,225,35,0
2026.05.05 07:06:00,4552.41,4553.53,4552.04,4552.87,266,35,0
2026.05.05 07:07:00,4552.87,4554.78,4552.79,4554.03,294,35,0
2026.05.05 07:08:00,4554.02,4554.39,4552.28,4552.42,255,35,0
2026.05.05 07:09:00,4552.43,4553.19,4551.86,4552.22,247,35,0
2026.05.05 07:10:00,4552.23,4552.48,4551.08,4551.26,245,35,0
2026.05.05 07:11:00,4551.14,4552.63,4550.83,4551.92,238,35,0
2026.05.05 07:12:00,4551.89,4552.02,4550.65,4551.89,270,35,0
2026.05.05 07:13:00,4551.86,4555.04,4551.79,4554.65,289,35,0
2026.05.05 07:14:00,4554.64,4554.64,4552.67,4553.99,282,35,0
2026.05.05 07:15:00,4553.96,4554.63,4552.9,4553.97,281,35,0
2026.05.05 07:16:00,4553.89,4555.56,4552.75,4553.1,304,35,0
2026.05.05 07:17:00,4553.1,4554.29,4552.3,4553.16,276,35,0
2026.05.05 07:18:00,4553.16,4554.35,4552.86,4554.18,258,35,0
2026.05.05 07:19:00,4554.24,4554.97,4553.36,4554.82,218,35,0
2026.05.05 07:20:00,4554.86,4555.61,4554.09,4554.1,234,35,0
2026.05.05 07:21:00,4554.15,4554.15,4552.78,4553.13,247,35,0
2026.05.05 07:22:00,4553.26,4553.31,4552.3,4552.46,185,35,0
2026.05.05 07:23:00,4552.49,4553.16,4552.46,4552.82,210,35,0
2026.05.05 07:24:00,4552.83,4553.06,4551.16,4551.22,236,35,0
2026.05.05 07:25:00,4551.22,4551.6,4550.7,4551.09,246,35,0
2026.05.05 07:26:00,4551.09,4551.39,4550.26,4550.76,246,35,0
2026.05.05 07:27:00,4550.78,4550.83,4549.02,4549.45,194,35,0
2026.05.05 07:28:00,4549.55,4550.16,4548.87,4549.64,277,35,0
2026.05.05 07:29:00,4549.65,4549.75,4548.36,4548.88,214,35,0
2026.05.05 07:30:00,4548.88,4550.18,4548.88,4549.68,272,35,0
2026.05.05 07:31:00,4549.68,4551.63,4549.66,4551.61,267,35,0
2026.05.05 07:32:00,4551.61,4552.45,4551.34,4551.47,272,35,0
2026.05.05 07:33:00,4551.49,4551.7,4550.1,4550.45,217,35,0
2026.05.05 07:34:00,4550.44,4552.38,4550.02,4552.38,220,35,0
2026.05.05 07:35:00,4552.65,4554.64,4551.81,4554.45,265,35,0
2026.05.05 07:36:00,4554.45,4558.36,4553.12,4556.48,381,35,0
2026.05.05 07:37:00,4556.44,4557.79,4553.43,4553.5,379,35,0
2026.05.05 07:38:00,4553.59,4557.59,4553.59,4556.73,362,35,0
2026.05.05 07:39:00,4556.74,4557.35,4554.29,4554.31,312,35,0
2026.05.05 07:40:00,4554.29,4554.78,4553.3,4554.13,304,35,0
2026.05.05 07:41:00,4554.12,4555.93,4553.97,4555.55,256,35,0
2026.05.05 07:42:00,4555.52,4556.09,4554.43,4554.69,288,35,0
2026.05.05 07:43:00,4554.68,4554.97,4552.28,4552.35,289,35,0
2026.05.05 07:44:00,4552.34,4553.24,4551.16,4551.2,299,35,0
2026.05.05 07:45:00,4551.22,4551.83,4548.32,4549.13,324,35,0
2026.05.05 07:46:00,4549.2,4549.46,4547.01,4547.06,361,35,0
2026.05.05 07:47:00,4547.21,4547.37,4545.91,4546.33,306,35,0
2026.05.05 07:48:00,4546.65,4547.03,4545.87,4546.46,303,35,0
2026.05.05 07:49:00,4546.47,4546.47,4545.51,4545.55,244,35,0
2026.05.05 07:50:00,4545.64,4546.48,4543.99,4544.26,313,35,0
2026.05.05 07:51:00,4544.26,4547.33,4543.95,4547.05,345,35,0
2026.05.05 07:52:00,4547.02,4547.92,4545.92,4546.33,268,35,0
2026.05.05 07:53:00,4546.33,4547.06,4545.46,4546.97,278,35,0
2026.05.05 07:54:00,4547.01,4547.35,4545.57,4545.72,300,35,0
2026.05.05 07:55:00,4545.6,4545.75,4543.88,4544.49,297,35,0
2026.05.05 07:56:00,4544.48,4545.38,4543.34,4543.71,307,35,0
2026.05.05 07:57:00,4543.68,4545.19,4543.63,4545.19,240,35,0
2026.05.05 07:58:00,4545.2,4545.52,4544.27,4545.41,309,35,0
2026.05.05 07:59:00,4545.42,4545.9,4544.94,4545.43,227,35,0
2026.05.05 08:00:00,4545.48,4547.22,4545.36,4546.47,348,35,0
2026.05.05 08:01:00,4546.53,4547.49,4545.56,4545.99,333,35,0
2026.05.05 08:02:00,4545.97,4546.6,4545.53,4545.95,313,35,0
2026.05.05 08:03:00,4545.94,4547.86,4545.94,4547.6,292,35,0
2026.05.05 08:04:00,4547.49,4550.07,4547.09,4549.87,331,35,0
2026.05.05 08:05:00,4549.89,4551.55,4549.14,4549.5,369,35,0
2026.05.05 08:06:00,4549.5,4549.6,4547.31,4548.63,285,35,0
2026.05.05 08:07:00,4548.63,4549.71,4547.16,4547.75,354,35,0
2026.05.05 08:08:00,4547.76,4549.19,4547.43,4549.1,230,35,0
2026.05.05 08:09:00,4549.04,4549.29,4546.83,4547.71,247,35,0
2026.05.05 08:10:00,4547.71,4548.27,4546.47,4548.23,246,35,0
2026.05.05 08:11:00,4548.11,4548.67,4547.53,4548.11,247,35,0
2026.05.05 08:12:00,4548.13,4550.4,4547.69,4550.24,308,35,0
2026.05.05 08:13:00,4550.25,4552.71,4550.25,4552.71,333,35,0
2026.05.05 08:14:00,4552.68,4553.66,4550.64,4550.73,353,35,0
2026.05.05 08:15:00,4550.73,4551.94,4550.65,4551.53,268,35,0
2026.05.05 08:16:00,4551.48,4551.86,4550.16,4550.42,255,35,0
2026.05.05 08:17:00,4550.47,4551.77,4549.02,4549.1,269,35,0
2026.05.05 08:18:00,4549.22,4552.07,4549.21,4552.07,254,35,0
2026.05.05 08:19:00,4552.2,4552.39,4550.46,4550.76,269,35,0
2026.05.05 08:20:00,4550.76,4551.28,4549.09,4550.41,300,35,0
2026.05.05 08:21:00,4550.39,4551.36,4549.88,4550.3,275,35,0
2026.05.05 08:22:00,4550.3,4553.97,4550.3,4552.39,305,35,0
2026.05.05 08:23:00,4552.39,4552.79,4551.88,4552.64,259,35,0
2026.05.05 08:24:00,4552.56,4552.75,4550.78,4551.56,287,35,0
2026.05.05 08:25:00,4551.55,4554.28,4551.37,4552.82,343,35,0
2026.05.05 08:26:00,4552.84,4554.24,4552.48,4553.13,329,35,0
2026.05.05 08:27:00,4553.13,4554.63,4552.9,4554.08,338,35,0
2026.05.05 08:28:00,4554.07,4554.48,4553.78,4554.12,257,35,0
2026.05.05 08:29:00,4554.12,4554.33,4551.02,4551.12,338,35,0
2026.05.05 08:30:00,4550.93,4552.19,4550.17,4550.9,329,35,0
2026.05.05 08:31:00,4551.1,4552.04,4550.65,4551.61,291,35,0
2026.05.05 08:32:00,4551.45,4552.92,4551.45,4552.92,248,35,0
2026.05.05 08:33:00,4552.81,4552.99,4550.79,4550.98,270,35,0
2026.05.05 08:34:00,4550.87,4551.92,4550.64,4551.31,239,35,0
2026.05.05 08:35:00,4551.21,4552.89,4551.09,4552.4,234,35,0
2026.05.05 08:36:00,4552.47,4552.69,4551.7,4552.22,221,35,0
2026.05.05 08:37:00,4552.34,4553.06,4550.56,4551.03,229,35,0
2026.05.05 08:38:00,4551.04,4551.07,4548.51,4548.88,286,35,0
2026.05.05 08:39:00,4548.8,4550.08,4548.05,4549.94,376,35,0
2026.05.05 08:40:00,4549.94,4551.28,4549.12,4550.3,311,35,0
2026.05.05 08:41:00,4549.95,4550.9,4549.48,4550.88,232,35,0
2026.05.05 08:42:00,4550.89,4551.37,4549.15,4549.79,230,35,0
2026.05.05 08:43:00,4549.79,4550.45,4548.51,4549.23,272,35,0
2026.05.05 08:44:00,4549.23,4550.61,4548.23,4549.8,270,35,0
2026.05.05 08:45:00,4549.88,4551.84,4549.64,4550.07,242,35,0
2026.05.05 08:46:00,4550.29,4550.87,4548.72,4549.11,264,35,0
2026.05.05 08:47:00,4549.11,4551.18,4548.34,4550.54,281,35,0
2026.05.05 08:48:00,4550.6,4550.84,4549.59,4550.84,217,35,0
2026.05.05 08:49:00,4550.85,4552.18,4550.01,4551.9,312,35,0
2026.05.05 08:50:00,4551.9,4553.88,4551.88,4553.7,228,35,0
2026.05.05 08:51:00,4553.69,4553.79,4552.35,4552.96,259,35,0
2026.05.05 08:52:00,4552.93,4554.44,4552.1,4554.22,256,35,0
2026.05.05 08:53:00,4554.2,4558.05,4554.18,4556.58,341,35,0
2026.05.05 08:54:00,4556.59,4557.86,4556.31,4557.36,319,35,0
2026.05.05 08:55:00,4557.35,4557.51,4555.57,4557.0,333,35,0
2026.05.05 08:56:00,4557.03,4558.02,4556.84,4557.83,247,35,0
2026.05.05 08:57:00,4557.82,4559.1,4557.44,4557.5,312,35,0
2026.05.05 08:58:00,4557.49,4559.45,4557.33,4558.99,329,35,0
2026.05.05 08:59:00,4558.88,4559.42,4557.94,4558.45,269,35,0
2026.05.05 09:00:00,4558.42,4558.83,4553.5,4554.85,449,35,0
2026.05.05 09:01:00,4554.93,4556.01,4554.05,4555.91,321,35,0
2026.05.05 09:02:00,4555.91,4556.11,4554.16,4554.74,291,35,0
2026.05.05 09:03:00,4554.74,4556.08,4554.27,4554.65,309,35,0
2026.05.05 09:04:00,4554.65,4555.35,4553.44,4555.29,293,35,0
2026.05.05 09:05:00,4555.27,4557.93,4555.22,4557.5,374,35,0
2026.05.05 09:06:00,4557.5,4557.84,4554.83,4556.35,339,35,0
2026.05.05 09:07:00,4556.29,4558.93,4556.22,4557.83,248,35,0
2026.05.05 09:08:00,4557.83,4560.44,4557.71,4558.63,316,35,0
2026.05.05 09:09:00,4558.66,4559.45,4558.0,4559.12,270,35,0
2026.05.05 09:10:00,4559.02,4560.26,4558.76,4559.44,249,35,0
2026.05.05 09:11:00,4559.27,4559.3,4556.84,4556.9,227,35,0
2026.05.05 09:12:00,4556.89,4559.28,4556.77,4559.02,262,35,0
2026.05.05 09:13:00,4559.03,4559.75,4558.14,4558.22,220,35,0
2026.05.05 09:14:00,4558.23,4558.43,4557.32,4557.69,225,35,0
2026.05.05 09:15:00,4557.65,4557.92,4556.0,4556.01,260,35,0
2026.05.05 09:16:00,4555.94,4557.34,4555.39,4555.57,314,35,0
2026.05.05 09:17:00,4555.57,4555.73,4554.2,4554.44,305,35,0
2026.05.05 09:18:00,4554.44,4555.25,4553.83,4555.21,252,35,0
2026.05.05 09:19:00,4555.21,4555.32,4554.03,4554.09,200,35,0
2026.05.05 09:20:00,4554.07,4554.61,4553.29,4553.99,272,35,0
2026.05.05 09:21:00,4553.97,4554.45,4553.26,4553.95,225,35,0
2026.05.05 09:22:00,4553.97,4556.06,4553.8,4555.84,241,35,0
2026.05.05 09:23:00,4555.85,4556.75,4555.4,4555.5,219,35,0
2026.05.05 09:24:00,4555.51,4555.63,4554.58,4554.83,228,35,0
2026.05.05 09:25:00,4554.84,4555.55,4553.97,4554.8,231,35,0
2026.05.05 09:26:00,4554.82,4555.62,4554.54,4554.78,238,35,0
2026.05.05 09:27:00,4554.9,4555.83,4554.9,4555.65,138,35,0
2026.05.05 09:28:00,4555.64,4555.8,4554.82,4555.45,171,35,0
2026.05.05 09:29:00,4555.45,4555.53,4552.47,4552.56,232,35,0
2026.05.05 09:30:00,4552.68,4557.52,4550.95,4557.45,408,35,0
2026.05.05 09:31:00,4557.41,4558.4,4554.55,4554.86,314,35,0
2026.05.05 09:32:00,4554.86,4556.46,4552.77,4552.86,312,35,0
2026.05.05 09:33:00,4552.85,4554.24,4552.75,4554.23,256,35,0
2026.05.05 09:34:00,4554.25,4554.88,4553.4,4553.51,235,35,0
2026.05.05 09:35:00,4553.5,4554.57,4552.93,4553.54,223,35,0
2026.05.05 09:36:00,4553.42,4554.19,4553.27,4553.62,217,35,0
2026.05.05 09:37:00,4553.64,4554.88,4553.34,4554.39,219,35,0
2026.05.05 09:38:00,4554.39,4554.82,4553.75,4554.63,172,35,0
2026.05.05 09:39:00,4554.63,4556.78,4554.44,4554.99,245,35,0
2026.05.05 09:40:00,4554.71,4554.96,4553.82,4554.32,215,35,0
2026.05.05 09:41:00,4554.32,4554.97,4554.07,4554.58,209,35,0
2026.05.05 09:42:00,4554.58,4556.53,4554.57,4556.23,231,35,0
2026.05.05 09:43:00,4556.21,4556.41,4554.62,4555.08,250,35,0
2026.05.05 09:44:00,4555.07,4555.45,4554.72,4555.44,173,35,0
2026.05.05 09:45:00,4555.43,4556.26,4555.38,4556.05,137,35,0
2026.05.05 09:46:00,4556.05,4557.16,4555.77,4556.82,200,35,0
2026.05.05 09:47:00,4556.81,4557.19,4556.45,4557.01,151,35,0
2026.05.05 09:48:00,4556.94,4557.3,4553.93,4554.15,257,35,0
2026.05.05 09:49:00,4554.14,4554.37,4553.21,4553.86,231,35,0
2026.05.05 09:50:00,4553.93,4554.08,4552.73,4553.29,272,35,0
2026.05.05 09:51:00,4553.27,4553.86,4552.72,4553.84,184,35,0
2026.05.05 09:52:00,4553.85,4553.87,4553.02,4553.76,212,35,0
2026.05.05 09:53:00,4553.76,4554.72,4552.96,4554.03,237,35,0
2026.05.05 09:54:00,4553.85,4554.61,4553.49,4554.03,170,35,0
2026.05.05 09:55:00,4554.06,4554.58,4553.44,4553.76,208,35,0
2026.05.05 09:56:00,4553.78,4554.19,4553.21,4554.17,200,35,0
2026.05.05 09:57:00,4554.18,4554.86,4554.18,4554.47,196,35,0
2026.05.05 09:58:00,4554.47,4555.03,4554.08,4554.86,194,35,0
2026.05.05 09:59:00,4554.87,4556.4,4554.86,4556.19,224,35,0
2026.05.05 10:00:00,4556.18,4556.86,4555.65,4556.19,270,35,0
2026.05.05 10:01:00,4556.16,4556.78,4556.01,4556.28,200,35,0
2026.05.05 10:02:00,4556.31,4556.33,4555.21,4555.89,229,35,0
2026.05.05 10:03:00,4555.85,4556.28,4554.68,4554.77,215,35,0
2026.05.05 10:04:00,4554.76,4555.95,4554.44,4555.71,201,35,0
2026.05.05 10:05:00,4555.73,4555.98,4555.17,4555.71,193,35,0
2026.05.05 10:06:00,4555.72,4556.44,4555.3,4555.37,195,35,0
2026.05.05 10:07:00,4555.35,4555.49,4554.59,4554.93,227,35,0
2026.05.05 10:08:00,4554.93,4555.06,4554.01,4554.44,202,35,0
2026.05.05 10:09:00,4554.42,4554.66,4552.11,4552.18,250,35,0
2026.05.05 10:10:00,4552.19,4552.21,4550.57,4551.49,256,35,0
2026.05.05 10:11:00,4551.56,4552.43,4550.88,4552.24,243,35,0
2026.05.05 10:12:00,4552.22,4552.97,4552.04,4552.52,246,35,0
2026.05.05 10:13:00,4552.52,4553.23,4552.44,4553.0,221,35,0
2026.05.05 10:14:00,4553.0,4554.69,4552.59,4553.18,329,35,0
2026.05.05 10:15:00,4553.17,4554.37,4552.79,4554.2,262,35,0
2026.05.05 10:16:00,4554.21,4554.77,4554.13,4554.6,212,35,0
2026.05.05 10:17:00,4554.59,4554.99,4553.35,4553.73,209,35,0
2026.05.05 10:18:00,4553.73,4553.92,4552.05,4552.56,215,35,0
2026.05.05 10:19:00,4552.45,4552.53,4551.22,4552.53,225,35,0
2026.05.05 10:20:00,4552.53,4553.08,4552.24,4552.73,175,35,0
2026.05.05 10:21:00,4552.73,4553.85,4552.6,4553.2,212,35,0
2026.05.05 10:22:00,4553.2,4553.53,4552.97,4553.15,149,35,0
2026.05.05 10:23:00,4553.14,4553.78,4552.94,4553.41,146,35,0
2026.05.05 10:24:00,4553.41,4553.6,4552.58,4552.77,162,35,0
2026.05.05 10:25:00,4552.73,4552.73,4550.36,4550.49,226,35,0
2026.05.05 10:26:00,4550.41,4550.7,4548.64,4550.7,308,35,0
2026.05.05 10:27:00,4550.65,4551.71,4549.79,4550.78,349,35,0
2026.05.05 10:28:00,4550.78,4551.44,4548.4,4548.68,344,35,0
2026.05.05 10:29:00,4548.68,4548.71,4546.53,4547.82,298,35,0
2026.05.05 10:30:00,4547.82,4548.86,4547.37,4547.61,257,35,0
2026.05.05 10:31:00,4547.62,4548.38,4546.41,4548.26,224,35,0
2026.05.05 10:32:00,4548.26,4548.63,4546.66,4548.04,266,35,0
2026.05.05 10:33:00,4548.02,4549.47,4547.96,4549.24,229,35,0
2026.05.05 10:34:00,4549.22,4553.79,4549.16,4553.26,377,35,0
2026.05.05 10:35:00,4553.28,4553.93,4551.91,4552.78,354,35,0
2026.05.05 10:36:00,4552.8,4552.8,4551.4,4551.77,261,35,0
2026.05.05 10:37:00,4551.76,4553.78,4551.11,4553.09,298,35,0
2026.05.05 10:38:00,4553.11,4553.51,4552.18,4552.18,244,35,0
2026.05.05 10:39:00,4552.17,4552.65,4550.86,4550.93,237,35,0
2026.05.05 10:40:00,4550.93,4550.93,4549.07,4549.56,279,35,0
2026.05.05 10:41:00,4549.57,4550.25,4547.9,4548.07,285,35,0
2026.05.05 10:42:00,4548.03,4548.11,4546.58,4547.33,273,35,0
2026.05.05 10:43:00,4547.35,4548.01,4544.95,4545.22,304,35,0
2026.05.05 10:44:00,4545.17,4545.56,4544.08,4545.12,295,35,0
2026.05.05 10:45:00,4545.03,4545.77,4544.54,4545.46,295,35,0
2026.05.05 10:46:00,4545.54,4545.77,4544.24,4545.31,251,35,0
2026.05.05 10:47:00,4545.3,4545.44,4543.99,4544.45,213,35,0
2026.05.05 10:48:00,4544.45,4545.14,4544.31,4545.0,207,35,0
2026.05.05 10:49:00,4545.02,4545.23,4544.41,4544.42,157,35,0
2026.05.05 10:50:00,4544.41,4544.8,4543.51,4543.72,220,35,0
2026.05.05 10:51:00,4543.82,4543.86,4542.25,4542.53,269,35,0
2026.05.05 10:52:00,4542.72,4543.67,4542.31,4542.54,168,35,0
2026.05.05 10:53:00,4542.56,4543.54,4542.1,4542.17,290,35,0
2026.05.05 10:54:00,4542.2,4542.45,4540.37,4541.0,328,35,0
2026.05.05 10:55:00,4540.99,4542.85,4540.94,4541.58,282,35,0
2026.05.05 10:56:00,4541.61,4543.35,4541.33,4542.82,233,35,0
2026.05.05 10:57:00,4542.83,4543.92,4542.78,4543.74,231,35,0
2026.05.05 10:58:00,4543.76,4544.73,4543.29,4543.46,234,35,0
2026.05.05 10:59:00,4543.45,4544.9,4543.38,4543.58,237,35,0
2026.05.05 11:00:00,4543.58,4544.73,4540.51,4541.5,393,35,0
2026.05.05 11:01:00,4541.51,4541.57,4539.68,4540.15,365,35,0
2026.05.05 11:02:00,4540.14,4543.32,4540.14,4541.63,345,35,0
2026.05.05 11:03:00,4541.6,4542.73,4540.52,4541.68,318,35,0
2026.05.05 11:04:00,4541.62,4543.47,4541.56,4543.26,291,35,0
2026.05.05 11:05:00,4543.3,4545.95,4542.74,4545.03,300,35,0
2026.05.05 11:06:00,4545.01,4546.64,4544.97,4546.05,291,35,0
2026.05.05 11:07:00,4546.06,4547.28,4546.01,4546.58,256,35,0
2026.05.05 11:08:00,4546.6,4549.09,4546.6,4548.54,299,35,0
2026.05.05 11:09:00,4548.52,4549.91,4548.27,4549.88,247,35,0
2026.05.05 11:10:00,4549.86,4551.43,4549.41,4550.97,320,35,0
2026.05.05 11:11:00,4550.96,4551.8,4550.63,4551.5,277,35,0
2026.05.05 11:12:00,4551.49,4552.94,4551.49,4552.51,248,35,0
2026.05.05 11:13:00,4552.51,4552.76,4551.23,4551.66,300,35,0
2026.05.05 11:14:00,4551.67,4552.83,4550.6,4552.57,270,35,0
2026.05.05 11:15:00,4552.57,4554.02,4552.23,4553.45,318,35,0
2026.05.05 11:16:00,4553.43,4555.62,4552.4,4552.74,344,35,0
2026.05.05 11:17:00,4552.79,4553.18,4550.81,4551.92,353,35,0
2026.05.05 11:18:00,4551.91,4552.1,4550.94,4551.48,260,35,0
2026.05.05 11:19:00,4551.56,4551.66,4549.71,4549.98,256,35,0
2026.05.05 11:20:00,4549.99,4551.55,4549.9,4551.44,275,35,0
2026.05.05 11:21:00,4551.42,4553.0,4551.29,4552.94,273,35,0
2026.05.05 11:22:00,4552.87,4555.39,4552.87,4554.48,293,35,0
2026.05.05 11:23:00,4554.46,4556.27,4554.18,4554.98,347,35,0
2026.05.05 11:24:00,4554.93,4554.93,4553.73,4554.1,273,35,0
2026.05.05 11:25:00,4554.09,4554.94,4553.44,4554.16,239,35,0
2026.05.05 11:26:00,4554.46,4555.64,4554.12,4555.35,239,35,0
2026.05.05 11:27:00,4555.36,4555.65,4554.28,4554.88,230,35,0
2026.05.05 11:28:00,4554.85,4557.46,4553.96,4556.62,321,35,0
2026.05.05 11:29:00,4556.56,4557.09,4555.19,4556.02,316,35,0
2026.05.05 11:30:00,4556.08,4556.91,4554.7,4555.12,297,35,0
2026.05.05 11:31:00,4555.11,4556.91,4554.83,4555.96,268,35,0
2026.05.05 11:32:00,4556.04,4557.51,4555.71,4557.29,265,35,0
2026.05.05 11:33:00,4557.31,4558.79,4556.49,4558.05,327,35,0
2026.05.05 11:34:00,4558.05,4558.08,4556.55,4556.95,279,35,0
2026.05.05 11:35:00,4556.95,4559.33,4556.17,4558.64,243,35,0
2026.05.05 11:36:00,4558.35,4559.61,4557.98,4559.28,243,35,0
2026.05.05 11:37:00,4559.28,4560.7,4557.84,4558.23,286,35,0
2026.05.05 11:38:00,4558.23,4558.32,4556.33,4556.54,254,35,0
2026.05.05 11:39:00,4556.47,4557.12,4556.37,4556.6,215,35,0
2026.05.05 11:40:00,4556.62,4558.81,4556.0,4558.19,273,35,0
2026.05.05 11:41:00,4558.16,4559.78,4557.35,4559.66,278,35,0
2026.05.05 11:42:00,4559.66,4564.46,4559.6,4562.69,420,35,0
2026.05.05 11:43:00,4562.69,4563.06,4561.38,4562.86,332,35,0
2026.05.05 11:44:00,4562.93,4564.26,4562.21,4563.27,296,35,0
2026.05.05 11:45:00,4563.24,4563.51,4560.88,4560.93,312,35,0
2026.05.05 11:46:00,4560.9,4562.79,4560.39,4561.69,294,35,0
2026.05.05 11:47:00,4561.66,4564.19,4561.54,4562.77,320,35,0
2026.05.05 11:48:00,4562.74,4564.15,4562.17,4563.89,269,35,0
2026.05.05 11:49:00,4563.89,4564.78,4562.1,4562.11,277,35,0
2026.05.05 11:50:00,4562.12,4562.2,4559.89,4560.37,260,35,0
2026.05.05 11:51:00,4560.37,4560.78,4559.69,4560.25,253,35,0
2026.05.05 11:52:00,4560.25,4561.0,4559.66,4561.0,263,35,0
2026.05.05 11:53:00,4561.0,4561.0,4559.42,4559.75,232,35,0
2026.05.05 11:54:00,4559.74,4560.9,4559.67,4560.83,273,35,0
2026.05.05 11:55:00,4560.97,4561.28,4559.36,4559.74,279,35,0
2026.05.05 11:56:00,4559.69,4561.24,4559.0,4560.51,255,35,0
2026.05.05 11:57:00,4560.54,4561.09,4560.1,4561.08,213,35,0
2026.05.05 11:58:00,4561.08,4561.29,4560.71,4561.11,151,35,0
2026.05.05 11:59:00,4561.11,4562.78,4560.34,4562.78,216,35,0
2026.05.05 12:00:00,4562.79,4563.24,4559.7,4559.97,338,35,0
2026.05.05 12:01:00,4559.97,4560.45,4558.22,4558.66,303,35,0
2026.05.05 12:02:00,4558.66,4558.66,4556.28,4557.42,348,35,0
2026.05.05 12:03:00,4557.43,4557.62,4554.17,4554.6,353,35,0
2026.05.05 12:04:00,4554.6,4557.15,4554.45,4556.62,354,35,0
2026.05.05 12:05:00,4556.61,4558.11,4555.7,4556.48,338,35,0
2026.05.05 12:06:00,4556.44,4563.79,4555.89,4562.89,409,35,0
2026.05.05 12:07:00,4562.91,4562.91,4556.1,4557.25,424,35,0
2026.05.05 12:08:00,4557.22,4559.77,4556.05,4558.69,337,35,0
2026.05.05 12:09:00,4558.69,4559.2,4557.87,4558.15,303,35,0
2026.05.05 12:10:00,4558.18,4562.52,4557.91,4559.14,386,35,0
2026.05.05 12:11:00,4559.14,4567.23,4558.69,4563.63,452,35,0
2026.05.05 12:12:00,4563.68,4566.67,4563.36,4563.9,404,35,0
2026.05.05 12:13:00,4563.89,4566.25,4563.55,4563.55,374,35,0
2026.05.05 12:14:00,4563.58,4565.47,4563.37,4564.78,376,35,0
2026.05.05 12:15:00,4565.04,4566.53,4563.95,4564.88,415,35,0
2026.05.05 12:16:00,4564.88,4565.53,4563.45,4563.53,359,35,0
2026.05.05 12:17:00,4563.67,4564.15,4562.31,4562.55,306,35,0
2026.05.05 12:18:00,4562.56,4563.01,4561.67,4562.02,296,35,0
2026.05.05 12:19:00,4561.9,4562.8,4561.14,4561.72,305,35,0
2026.05.05 12:20:00,4561.89,4565.71,4561.89,4564.93,364,35,0
2026.05.05 12:21:00,4564.93,4568.76,4563.92,4567.66,370,35,0
2026.05.05 12:22:00,4567.62,4568.59,4565.52,4565.61,350,35,0
2026.05.05 12:23:00,4565.64,4569.2,4565.59,4568.41,361,35,0
2026.05.05 12:24:00,4568.44,4572.29,4567.75,4572.12,407,35,0
2026.05.05 12:25:00,4572.11,4574.22,4571.25,4572.52,399,35,0
2026.05.05 12:26:00,4572.53,4573.79,4572.1,4572.55,313,35,0
2026.05.05 12:27:00,4572.57,4572.84,4571.18,4572.28,281,35,0
2026.05.05 12:28:00,4572.11,4574.2,4572.07,4573.56,256,35,0
2026.05.05 12:29:00,4573.56,4574.06,4572.88,4573.59,257,35,0
2026.05.05 12:30:00,4573.64,4574.59,4569.02,4569.36,393,35,0
2026.05.05 12:31:00,4569.32,4569.56,4567.61,4567.66,350,35,0
2026.05.05 12:32:00,4567.87,4568.61,4566.83,4566.85,317,35,0
2026.05.05 12:33:00,4566.83,4568.28,4566.75,4567.24,252,35,0
2026.05.05 12:34:00,4567.23,4570.07,4567.09,4569.15,284,35,0
2026.05.05 12:35:00,4569.18,4570.02,4567.73,4569.17,315,35,0
2026.05.05 12:36:00,4569.23,4569.5,4566.87,4567.27,278,35,0
2026.05.05 12:37:00,4567.27,4568.07,4566.62,4568.0,249,35,0
2026.05.05 12:38:00,4568.01,4569.5,4567.6,4568.46,252,35,0
2026.05.05 12:39:00,4568.46,4571.16,4568.41,4570.01,287,35,0
2026.05.05 12:40:00,4570.01,4570.19,4567.19,4567.35,315,35,0
2026.05.05 12:41:00,4567.36,4568.54,4567.16,4567.86,277,35,0
2026.05.05 12:42:00,4567.88,4569.21,4567.88,4568.41,224,35,0
2026.05.05 12:43:00,4568.4,4568.83,4567.45,4568.03,210,35,0
2026.05.05 12:44:00,4568.03,4568.05,4566.86,4567.04,211,35,0
2026.05.05 12:45:00,4567.11,4568.58,4566.34,4566.76,281,35,0
2026.05.05 12:46:00,4566.78,4567.23,4565.79,4565.79,286,35,0
2026.05.05 12:47:00,4565.83,4566.28,4565.06,4565.71,266,35,0
2026.05.05 12:48:00,4565.63,4565.63,4563.2,4564.51,305,35,0
2026.05.05 12:49:00,4564.54,4564.54,4562.91,4563.6,296,35,0
2026.05.05 12:50:00,4563.67,4564.99,4562.42,4564.06,323,35,0
2026.05.05 12:51:00,4564.1,4564.26,4561.92,4563.23,311,35,0
2026.05.05 12:52:00,4563.23,4563.81,4562.87,4563.52,251,35,0
2026.05.05 12:53:00,4563.45,4563.51,4561.63,4562.08,284,35,0
2026.05.05 12:54:00,4562.07,4563.45,4562.07,4562.96,251,35,0
2026.05.05 12:55:00,4562.96,4564.19,4562.5,4563.63,264,35,0
2026.05.05 12:56:00,4563.64,4563.95,4562.58,4562.73,249,35,0
2026.05.05 12:57:00,4562.83,4563.48,4562.73,4563.47,217,35,0
2026.05.05 12:58:00,4563.49,4565.82,4563.42,4564.76,314,35,0
2026.05.05 12:59:00,4564.76,4564.88,4563.34,4564.39,274,35,0
2026.05.05 13:00:00,4564.17,4566.85,4564.16,4566.85,307,35,0
2026.05.05 13:01:00,4566.86,4567.96,4566.32,4567.08,314,35,0
2026.05.05 13:02:00,4567.05,4570.68,4567.05,4570.56,374,35,0
2026.05.05 13:03:00,4570.49,4571.25,4569.51,4571.18,287,35,0
2026.05.05 13:04:00,4571.1,4575.42,4570.97,4574.05,394,35,0
2026.05.05 13:05:00,4574.07,4576.64,4574.0,4576.13,396,35,0
2026.05.05 13:06:00,4576.13,4576.48,4575.31,4575.85,356,35,0
2026.05.05 13:07:00,4575.85,4576.1,4574.43,4576.0,360,35,0
2026.05.05 13:08:00,4576.0,4579.65,4575.44,4578.56,373,35,0
2026.05.05 13:09:00,4578.56,4580.4,4575.9,4576.0,461,35,0
2026.05.05 13:10:00,4575.99,4577.71,4574.61,4576.6,393,35,0
2026.05.05 13:11:00,4576.61,4578.88,4576.53,4576.98,368,35,0
2026.05.05 13:12:00,4577.01,4579.01,4576.41,4578.95,371,35,0
2026.05.05 13:13:00,4578.94,4579.92,4578.21,4578.21,330,35,0
2026.05.05 13:14:00,4578.24,4581.03,4578.24,4578.65,358,35,0
2026.05.05 13:15:00,4578.7,4581.06,4578.25,4579.15,358,35,0
2026.05.05 13:16:00,4579.07,4581.02,4578.43,4580.9,347,35,0
2026.05.05 13:17:00,4580.9,4584.99,4580.63,4583.8,415,35,0
2026.05.05 13:18:00,4583.8,4584.12,4581.28,4581.28,303,35,0
2026.05.05 13:19:00,4581.5,4582.28,4580.74,4580.89,335,35,0
2026.05.05 13:20:00,4580.89,4580.91,4579.13,4579.47,347,35,0
2026.05.05 13:21:00,4579.47,4579.64,4578.07,4578.61,323,35,0
2026.05.05 13:22:00,4578.68,4581.52,4577.81,4581.1,345,35,0
2026.05.05 13:23:00,4581.09,4581.71,4579.41,4580.29,309,35,0
2026.05.05 13:24:00,4580.3,4580.34,4575.89,4576.73,355,35,0
2026.05.05 13:25:00,4576.73,4579.56,4576.53,4578.92,362,35,0
2026.05.05 13:26:00,4578.92,4578.92,4577.68,4578.03,290,35,0
2026.05.05 13:27:00,4578.04,4581.33,4577.6,4580.05,331,35,0
2026.05.05 13:28:00,4580.1,4580.1,4576.46,4577.05,346,35,0
2026.05.05 13:29:00,4577.0,4577.77,4576.37,4576.93,342,35,0
2026.05.05 13:30:00,4577.0,4579.87,4576.38,4577.66,486,35,0
2026.05.05 13:31:00,4577.79,4580.0,4577.51,4579.79,479,35,0
2026.05.05 13:32:00,4579.9,4581.59,4578.61,4580.39,421,35,0
2026.05.05 13:33:00,4580.37,4581.34,4579.43,4581.14,386,35,0
2026.05.05 13:34:00,4581.16,4581.67,4579.7,4580.37,318,35,0
2026.05.05 13:35:00,4580.42,4581.29,4574.79,4574.85,463,35,0
2026.05.05 13:36:00,4574.96,4575.13,4572.8,4573.04,443,35,0
2026.05.05 13:37:00,4573.47,4576.85,4572.93,4574.76,415,35,0
2026.05.05 13:38:00,4574.63,4574.71,4572.58,4573.77,418,35,0
2026.05.05 13:39:00,4573.78,4575.21,4573.32,4574.34,381,35,0
2026.05.05 13:40:00,4574.39,4577.21,4573.74,4576.09,416,35,0
2026.05.05 13:41:00,4575.9,4576.49,4574.76,4575.08,376,35,0
2026.05.05 13:42:00,4575.08,4576.04,4573.85,4574.17,366,35,0
2026.05.05 13:43:00,4574.16,4575.02,4571.2,4572.04,364,35,0
2026.05.05 13:44:00,4572.0,4574.17,4571.83,4573.87,348,35,0
2026.05.05 13:45:00,4573.94,4576.51,4572.81,4576.03,393,35,0
2026.05.05 13:46:00,4576.03,4576.03,4573.25,4574.53,383,35,0
2026.05.05 13:47:00,4574.49,4577.07,4573.87,4576.57,383,35,0
2026.05.05 13:48:00,4576.57,4577.16,4574.04,4575.01,413,35,0
2026.05.05 13:49:00,4575.04,4576.36,4574.62,4575.68,346,35,0
2026.05.05 13:50:00,4575.75,4578.4,4575.29,4577.94,396,35,0
2026.05.05 13:51:00,4577.96,4580.64,4576.06,4580.05,397,35,0
2026.05.05 13:52:00,4580.12,4580.51,4578.69,4579.54,322,35,0
2026.05.05 13:53:00,4579.52,4583.13,4579.13,4582.29,366,35,0
2026.05.05 13:54:00,4582.24,4583.1,4580.07,4580.46,382,35,0
2026.05.05 13:55:00,4580.45,4580.99,4578.45,4578.56,391,35,0
2026.05.05 13:56:00,4578.43,4580.08,4577.55,4577.65,416,35,0
2026.05.05 13:57:00,4577.65,4579.3,4577.36,4577.8,321,35,0
2026.05.05 13:58:00,4578.09,4579.64,4577.97,4578.99,291,35,0
2026.05.05 13:59:00,4578.99,4579.67,4578.73,4579.26,263,35,0
2026.05.05 14:00:00,4579.91,4584.01,4579.82,4580.07,463,35,0
2026.05.05 14:01:00,4580.09,4580.46,4577.65,4577.91,401,35,0
2026.05.05 14:02:00,4577.87,4578.6,4576.41,4576.77,342,35,0
2026.05.05 14:03:00,4576.99,4578.62,4575.62,4576.94,355,35,0
2026.05.05 14:04:00,4576.93,4578.8,4576.29,4578.6,367,35,0
2026.05.05 14:05:00,4579.16,4580.3,4577.27,4577.82,361,35,0
2026.05.05 14:06:00,4577.83,4579.55,4577.83,4577.99,397,35,0
2026.05.05 14:07:00,4577.99,4579.9,4577.9,4578.76,381,35,0
2026.05.05 14:08:00,4578.83,4584.23,4578.79,4582.29,442,35,0
2026.05.05 14:09:00,4582.35,4583.76,4582.06,4583.57,434,35,0
2026.05.05 14:10:00,4583.51,4583.78,4579.7,4580.61,456,35,0
2026.05.05 14:11:00,4580.75,4581.43,4578.73,4579.99,439,35,0
2026.05.05 14:12:00,4579.98,4580.45,4578.26,4578.31,343,35,0
2026.05.05 14:13:00,4578.38,4578.99,4572.56,4575.26,451,35,0
2026.05.05 14:14:00,4575.28,4576.04,4570.6,4573.6,508,35,0
2026.05.05 14:15:00,4573.69,4573.74,4568.16,4572.01,531,35,0
2026.05.05 14:16:00,4571.97,4572.68,4569.13,4570.59,526,35,0
2026.05.05 14:17:00,4570.59,4572.79,4569.54,4572.59,420,35,0
2026.05.05 14:18:00,4572.56,4573.43,4566.06,4570.16,487,35,0
2026.05.05 14:19:00,4570.17,4571.6,4569.6,4570.21,473,35,0
2026.05.05 14:20:00,4570.2,4570.52,4568.11,4570.03,458,35,0
2026.05.05 14:21:00,4570.08,4571.72,4569.47,4570.89,442,35,0
2026.05.05 14:22:00,4570.91,4576.3,4570.91,4575.38,451,35,0
2026.05.05 14:23:00,4575.22,4577.48,4574.72,4576.79,442,35,0
2026.05.05 14:24:00,4576.79,4579.34,4576.45,4578.88,412,35,0
2026.05.05 14:25:00,4578.84,4585.2,4578.84,4582.15,467,35,0
2026.05.05 14:26:00,4582.23,4584.38,4582.09,4582.2,395,35,0
2026.05.05 14:27:00,4582.19,4583.87,4581.55,4583.51,374,35,0
2026.05.05 14:28:00,4583.5,4586.22,4582.57,4585.79,390,35,0
2026.05.05 14:29:00,4585.78,4586.47,4583.91,4583.91,398,35,0
2026.05.05 14:30:00,4584.19,4585.66,4580.97,4580.97,431,35,0
2026.05.05 14:31:00,4580.98,4582.46,4580.35,4581.26,372,35,0
2026.05.05 14:32:00,4581.3,4583.83,4580.91,4583.78,390,35,0
2026.05.05 14:33:00,4583.78,4584.27,4581.14,4581.39,362,35,0
2026.05.05 14:34:00,4581.3,4582.77,4580.27,4581.82,343,35,0
2026.05.05 14:35:00,4581.82,4582.69,4580.33,4580.62,331,35,0
2026.05.05 14:36:00,4580.68,4582.09,4580.17,4580.39,354,35,0
2026.05.05 14:37:00,4580.51,4580.55,4577.59,4578.89,383,35,0
2026.05.05 14:38:00,4578.82,4580.04,4577.6,4580.01,369,35,0
2026.05.05 14:39:00,4580.02,4581.21,4578.83,4581.07,343,35,0
2026.05.05 14:40:00,4581.1,4582.08,4580.54,4581.64,327,35,0
2026.05.05 14:41:00,4581.65,4583.94,4581.63,4582.72,344,35,0
2026.05.05 14:42:00,4582.73,4583.55,4582.28,4582.8,311,35,0
2026.05.05 14:43:00,4582.81,4584.4,4582.04,4584.02,309,35,0
2026.05.05 14:44:00,4583.99,4585.41,4582.58,4582.83,336,35,0
2026.05.05 14:45:00,4582.83,4582.94,4580.96,4581.93,368,35,0
2026.05.05 14:46:00,4581.95,4582.42,4579.96,4580.4,339,35,0
2026.05.05 14:47:00,4580.52,4581.27,4576.37,4576.72,348,35,0
2026.05.05 14:48:00,4576.14,4578.77,4576.14,4578.32,395,35,0
2026.05.05 14:49:00,4578.29,4578.75,4577.5,4577.59,353,35,0
2026.05.05 14:50:00,4577.59,4578.34,4576.38,4577.57,388,35,0
2026.05.05 14:51:00,4577.57,4577.79,4575.5,4576.25,364,35,0
2026.05.05 14:52:00,4576.25,4577.88,4575.84,4577.41,378,35,0
2026.05.05 14:53:00,4577.41,4579.18,4577.3,4578.61,345,35,0
2026.05.05 14:54:00,4578.68,4579.08,4577.16,4578.42,348,35,0
2026.05.05 14:55:00,4578.38,4580.18,4578.14,4579.52,337,35,0
2026.05.05 14:56:00,4579.53,4581.96,4579.06,4581.67,334,35,0
2026.05.05 14:57:00,4581.67,4581.69,4579.48,4580.15,344,35,0
2026.05.05 14:58:00,4580.15,4581.44,4579.54,4581.24,302,35,0
2026.05.05 14:59:00,4581.0,4582.47,4580.89,4582.24,324,35,0
2026.05.05 15:00:00,4582.34,4583.16,4579.75,4580.02,365,35,0
2026.05.05 15:01:00,4580.06,4580.06,4577.38,4579.21,356,35,0
2026.05.05 15:02:00,4579.14,4580.41,4578.5,4580.37,302,35,0
2026.05.05 15:03:00,4580.37,4581.47,4579.11,4581.32,381,35,0
2026.05.05 15:04:00,4581.31,4583.85,4580.66,4583.63,367,35,0
2026.05.05 15:05:00,4583.64,4583.66,4581.6,4582.56,324,35,0
2026.05.05 15:06:00,4582.63,4582.98,4582.01,4582.76,321,35,0
2026.05.05 15:07:00,4582.75,4583.01,4581.26,4581.43,318,35,0
2026.05.05 15:08:00,4581.44,4582.38,4580.51,4582.17,318,35,0
2026.05.05 15:09:00,4582.16,4582.51,4580.07,4580.16,307,35,0
2026.05.05 15:10:00,4580.19,4580.87,4579.49,4580.31,341,35,0
2026.05.05 15:11:00,4580.32,4581.63,4580.14,4580.88,301,35,0
2026.05.05 15:12:00,4580.92,4581.9,4580.51,4580.67,293,35,0
2026.05.05 15:13:00,4580.62,4581.36,4579.68,4580.54,309,35,0
2026.05.05 15:14:00,4580.59,4581.22,4579.62,4580.76,293,35,0
2026.05.05 15:15:00,4580.79,4581.48,4579.29,4579.95,341,35,0
2026.05.05 15:16:00,4580.02,4580.48,4579.58,4579.74,297,35,0
2026.05.05 15:17:00,4579.74,4579.83,4578.41,4578.47,312,35,0
2026.05.05 15:18:00,4578.46,4579.16,4578.11,4578.48,339,35,0
2026.05.05 15:19:00,4578.48,4579.46,4578.02,4578.35,299,35,0
2026.05.05 15:20:00,4578.34,4578.57,4575.6,4576.19,344,35,0
2026.05.05 15:21:00,4576.18,4577.25,4575.78,4577.02,314,35,0
2026.05.05 15:22:00,4577.03,4579.63,4576.79,4579.19,333,35,0
2026.05.05 15:23:00,4579.15,4579.77,4578.18,4579.77,280,35,0
2026.05.05 15:24:00,4579.75,4579.9,4576.59,4576.67,321,35,0
2026.05.05 15:25:00,4576.68,4578.16,4576.68,4578.16,277,35,0
2026.05.05 15:26:00,4578.18,4579.39,4577.68,4578.3,343,35,0
2026.05.05 15:27:00,4578.3,4578.3,4575.32,4575.85,356,35,0
2026.05.05 15:28:00,4575.87,4577.45,4575.45,4576.76,286,35,0
2026.05.05 15:29:00,4576.78,4579.22,4576.34,4579.15,317,35,0
2026.05.05 15:30:00,4579.11,4581.08,4578.25,4579.72,344,35,0
2026.05.05 15:31:00,4579.72,4580.62,4577.75,4578.2,371,35,0
2026.05.05 15:32:00,4578.2,4578.93,4576.37,4576.84,298,35,0
2026.05.05 15:33:00,4576.85,4578.64,4576.63,4577.09,296,35,0
2026.05.05 15:34:00,4577.09,4578.1,4576.55,4577.56,269,35,0
2026.05.05 15:35:00,4577.56,4579.31,4576.82,4576.82,340,35,0
2026.05.05 15:36:00,4576.85,4578.25,4576.7,4576.94,316,35,0
2026.05.05 15:37:00,4577.23,4577.39,4576.61,4577.27,289,35,0
2026.05.05 15:38:00,4577.27,4577.44,4576.33,4577.31,257,35,0
2026.05.05 15:39:00,4577.38,4577.47,4574.89,4575.68,366,35,0
2026.05.05 15:40:00,4575.83,4576.06,4574.28,4574.49,355,35,0
2026.05.05 15:41:00,4574.71,4575.04,4573.58,4574.51,315,35,0
2026.05.05 15:42:00,4574.48,4575.08,4573.48,4573.85,305,35,0
2026.05.05 15:43:00,4573.84,4575.3,4573.47,4574.89,293,35,0
2026.05.05 15:44:00,4574.89,4575.12,4572.66,4572.92,315,35,0
2026.05.05 15:45:00,4572.96,4573.87,4572.63,4573.42,346,35,0
2026.05.05 15:46:00,4573.49,4574.54,4572.19,4573.99,353,35,0
2026.05.05 15:47:00,4573.97,4575.23,4573.68,4574.05,309,35,0
2026.05.05 15:48:00,4574.04,4574.31,4572.32,4573.33,308,35,0
2026.05.05 15:49:00,4573.33,4574.94,4573.26,4573.99,313,35,0
2026.05.05 15:50:00,4573.98,4575.69,4573.98,4574.43,241,35,0
2026.05.05 15:51:00,4574.42,4575.06,4572.74,4573.08,277,35,0
2026.05.05 15:52:00,4573.11,4573.38,4571.39,4571.63,302,35,0
2026.05.05 15:53:00,4571.64,4571.72,4570.29,4570.48,291,35,0
2026.05.05 15:54:00,4570.47,4571.53,4569.97,4571.1,296,35,0
2026.05.05 15:55:00,4571.07,4571.16,4570.4,4570.76,326,35,0
2026.05.05 15:56:00,4570.76,4570.87,4568.63,4568.75,326,35,0
2026.05.05 15:57:00,4568.77,4569.7,4568.51,4569.67,322,35,0
2026.05.05 15:58:00,4569.86,4570.19,4568.82,4570.02,260,35,0
2026.05.05 15:59:00,4570.03,4571.13,4568.24,4568.42,304,35,0
2026.05.05 16:00:00,4568.4,4568.96,4567.05,4567.32,385,35,0
2026.05.05 16:01:00,4567.34,4568.17,4566.25,4567.61,359,35,0
2026.05.05 16:02:00,4567.61,4567.79,4566.56,4567.3,291,35,0
2026.05.05 16:03:00,4567.12,4567.29,4564.93,4565.16,327,35,0
2026.05.05 16:04:00,4565.19,4567.0,4564.41,4566.85,318,35,0
2026.05.05 16:05:00,4566.79,4567.62,4565.06,4565.54,285,35,0
2026.05.05 16:06:00,4565.62,4565.62,4563.74,4563.84,351,35,0
2026.05.05 16:07:00,4563.72,4563.99,4562.67,4563.44,327,35,0
2026.05.05 16:08:00,4563.36,4564.45,4562.82,4563.23,311,35,0
2026.05.05 16:09:00,4563.23,4564.93,4563.19,4564.2,253,35,0
2026.05.05 16:10:00,4564.19,4564.32,4562.37,4563.86,308,35,0
2026.05.05 16:11:00,4563.83,4564.24,4563.08,4563.27,204,35,0
2026.05.05 16:12:00,4563.27,4564.36,4563.12,4564.19,230,35,0
2026.05.05 16:13:00,4564.18,4566.1,4564.14,4566.04,276,35,0
2026.05.05 16:14:00,4566.07,4566.46,4565.37,4566.16,238,35,0
2026.05.05 16:15:00,4566.16,4566.22,4563.51,4563.62,268,35,0
2026.05.05 16:16:00,4563.62,4565.22,4563.57,4564.25,268,35,0
2026.05.05 16:17:00,4564.24,4565.36,4564.1,4565.04,240,35,0
2026.05.05 16:18:00,4565.11,4565.35,4563.69,4563.75,254,35,0
2026.05.05 16:19:00,4563.77,4564.55,4563.36,4564.43,215,35,0
2026.05.05 16:20:00,4564.26,4565.08,4563.58,4564.42,256,35,0
2026.05.05 16:21:00,4564.48,4565.56,4564.07,4564.95,255,35,0
2026.05.05 16:22:00,4564.97,4565.59,4564.06,4564.29,225,35,0
2026.05.05 16:23:00,4564.32,4564.35,4563.42,4563.6,225,35,0
2026.05.05 16:24:00,4563.58,4563.73,4561.48,4561.6,308,35,0
2026.05.05 16:25:00,4561.6,4561.99,4557.35,4557.35,475,35,0
2026.05.05 16:26:00,4557.39,4558.48,4556.67,4558.1,405,35,0
2026.05.05 16:27:00,4558.04,4559.65,4556.53,4557.18,382,35,0
2026.05.05 16:28:00,4557.2,4559.22,4555.88,4559.11,405,35,0
2026.05.05 16:29:00,4559.1,4559.65,4558.07,4559.65,328,35,0
2026.05.05 16:30:00,4559.68,4560.21,4556.97,4556.97,346,35,0
2026.05.05 16:31:00,4557.15,4557.23,4554.32,4554.83,413,35,0
2026.05.05 16:32:00,4554.82,4555.4,4553.69,4554.52,374,35,0
2026.05.05 16:33:00,4554.99,4555.79,4553.74,4555.66,333,35,0
2026.05.05 16:34:00,4555.69,4557.88,4555.52,4557.76,298,35,0
2026.05.05 16:35:00,4557.76,4558.61,4557.4,4558.28,300,35,0
2026.05.05 16:36:00,4558.3,4559.19,4557.19,4557.32,293,35,0
2026.05.05 16:37:00,4557.32,4558.79,4555.76,4557.3,285,35,0
2026.05.05 16:38:00,4557.1,4558.27,4556.77,4557.54,273,35,0
2026.05.05 16:39:00,4557.53,4558.02,4555.85,4555.91,291,35,0
2026.05.05 16:40:00,4556.04,4558.12,4555.89,4556.47,297,35,0
2026.05.05 16:41:00,4556.46,4557.61,4556.39,4557.53,240,35,0
2026.05.05 16:42:00,4557.46,4558.59,4557.01,4557.75,233,35,0
2026.05.05 16:43:00,4557.74,4557.9,4556.86,4557.66,233,35,0
2026.05.05 16:44:00,4557.66,4558.74,4556.45,4556.55,242,35,0
2026.05.05 16:45:00,4556.55,4557.99,4555.72,4557.99,311,35,0
2026.05.05 16:46:00,4557.98,4557.98,4556.21,4556.44,277,35,0
2026.05.05 16:47:00,4556.44,4557.08,4555.62,4556.74,247,35,0
2026.05.05 16:48:00,4556.77,4557.3,4555.67,4556.64,242,35,0
2026.05.05 16:49:00,4557.03,4557.65,4556.5,4557.28,228,35,0
2026.05.05 16:50:00,4557.24,4559.32,4557.23,4559.32,262,35,0
2026.05.05 16:51:00,4559.32,4560.19,4558.65,4559.12,313,35,0
2026.05.05 16:52:00,4559.12,4559.52,4558.27,4558.87,277,35,0
2026.05.05 16:53:00,4558.88,4559.72,4558.07,4559.44,220,35,0
2026.05.05 16:54:00,4559.44,4560.39,4559.34,4560.07,218,35,0
2026.05.05 16:55:00,4560.07,4561.34,4559.76,4561.28,269,35,0
2026.05.05 16:56:00,4561.3,4561.52,4560.42,4561.03,254,35,0
2026.05.05 16:57:00,4561.04,4561.59,4559.89,4561.49,244,35,0
2026.05.05 16:58:00,4561.55,4562.86,4561.55,4562.0,294,35,0
2026.05.05 16:59:00,4561.98,4562.0,4560.63,4561.1,225,35,0
2026.05.05 17:00:00,4561.11,4561.2,4559.54,4561.11,303,35,0
2026.05.05 17:01:00,4561.06,4562.5,4561.06,4561.9,259,42,0
2026.05.05 17:02:00,4561.9,4561.96,4559.33,4559.63,240,42,0
2026.05.05 17:03:00,4559.7,4561.05,4559.59,4560.22,280,42,0
2026.05.05 17:04:00,4560.06,4560.11,4558.01,4559.13,273,42,0
2026.05.05 17:05:00,4558.97,4559.72,4558.7,4559.1,220,42,0
2026.05.05 17:06:00,4559.17,4559.17,4557.03,4557.09,272,42,0
2026.05.05 17:07:00,4557.08,4557.68,4555.73,4555.82,321,42,0
2026.05.05 17:08:00,4555.8,4556.18,4554.47,4554.69,291,35,0
2026.05.05 17:09:00,4554.7,4555.69,4553.31,4554.6,317,42,0
2026.05.05 17:10:00,4554.61,4554.96,4553.06,4554.64,338,42,0
2026.05.05 17:11:00,4554.64,4555.75,4553.37,4555.7,326,42,0
2026.05.05 17:12:00,4555.64,4555.64,4553.63,4553.66,268,42,0
2026.05.05 17:13:00,4553.63,4555.64,4553.47,4553.6,273,42,0
2026.05.05 17:14:00,4553.59,4556.12,4553.58,4555.98,218,42,0
2026.05.05 17:15:00,4555.99,4556.93,4555.95,4556.14,254,42,0
2026.05.05 17:16:00,4556.15,4556.84,4556.01,4556.61,201,42,0
2026.05.05 17:17:00,4556.6,4557.5,4556.48,4557.41,196,42,0
2026.05.05 17:18:00,4557.41,4559.99,4557.41,4559.67,296,35,0
2026.05.05 17:19:00,4559.67,4560.73,4559.67,4560.66,279,39,0
2026.05.05 17:20:00,4560.71,4561.28,4559.55,4560.99,305,42,0
2026.05.05 17:21:00,4560.99,4561.12,4560.18,4560.27,236,42,0
2026.05.05 17:22:00,4560.27,4560.62,4559.61,4560.62,251,42,0
2026.05.05 17:23:00,4560.62,4561.24,4560.02,4560.19,221,42,0
2026.05.05 17:24:00,4560.32,4560.91,4558.84,4559.02,285,42,0
2026.05.05 17:25:00,4559.01,4559.65,4558.53,4559.05,240,42,0
2026.05.05 17:26:00,4559.04,4559.04,4557.37,4558.66,254,42,0
2026.05.05 17:27:00,4558.66,4560.04,4558.61,4559.57,230,42,0
2026.05.05 17:28:00,4559.41,4559.79,4558.2,4558.86,216,42,0
2026.05.05 17:29:00,4558.95,4559.37,4557.4,4558.51,329,42,0
2026.05.05 17:30:00,4558.51,4558.88,4557.47,4557.47,239,42,0
2026.05.05 17:31:00,4557.45,4557.45,4555.99,4556.79,289,42,0
2026.05.05 17:32:00,4556.94,4558.12,4556.08,4557.56,277,42,0
2026.05.05 17:33:00,4557.56,4559.04,4557.2,4559.03,230,42,0
2026.05.05 17:34:00,4559.03,4561.48,4558.44,4561.13,291,36,0
2026.05.05 17:35:00,4561.09,4562.29,4559.56,4560.44,319,42,0
2026.05.05 17:36:00,4560.46,4562.67,4560.28,4562.6,275,42,0
2026.05.05 17:37:00,4562.61,4562.61,4560.88,4561.37,241,42,0
2026.05.05 17:38:00,4561.37,4561.41,4559.81,4560.24,226,42,0
2026.05.05 17:39:00,4560.22,4561.42,4559.86,4560.68,205,42,0
2026.05.05 17:40:00,4560.69,4562.25,4560.37,4561.78,224,42,0
2026.05.05 17:41:00,4561.73,4561.75,4560.76,4561.6,210,42,0
2026.05.05 17:42:00,4561.6,4562.09,4560.96,4560.97,220,42,0
2026.05.05 17:43:00,4560.97,4561.17,4560.69,4560.71,115,42,0
2026.05.05 17:44:00,4560.71,4560.94,4560.28,4560.3,170,42,0
2026.05.05 17:45:00,4560.29,4560.85,4560.18,4560.46,224,42,0
2026.05.05 17:46:00,4560.47,4560.52,4559.21,4559.67,212,42,0
2026.05.05 17:47:00,4559.66,4560.78,4559.63,4560.18,169,42,0
2026.05.05 17:48:00,4560.02,4561.34,4559.93,4560.98,230,42,0
2026.05.05 17:49:00,4560.97,4562.1,4560.82,4561.98,189,42,0
2026.05.05 17:50:00,4561.97,4561.97,4559.59,4559.59,251,42,0
2026.05.05 17:51:00,4559.61,4560.62,4559.54,4560.55,179,42,0
2026.05.05 17:52:00,4560.62,4560.69,4559.04,4559.4,244,42,0
2026.05.05 17:53:00,4559.36,4559.45,4558.57,4559.17,236,42,0
2026.05.05 17:54:00,4559.16,4559.16,4558.15,4558.6,261,42,0
2026.05.05 17:55:00,4558.6,4559.18,4558.26,4558.5,192,42,0
2026.05.05 17:56:00,4558.47,4559.29,4558.45,4558.99,147,42,0
2026.05.05 17:57:00,4558.97,4559.83,4558.6,4558.71,211,42,0
2026.05.05 17:58:00,4558.71,4560.12,4558.68,4559.77,174,42,0
2026.05.05 17:59:00,4559.77,4560.1,4559.49,4559.69,140,42,0
2026.05.05 18:00:00,4559.69,4561.07,4559.11,4560.54,216,42,0
2026.05.05 18:01:00,4560.54,4560.85,4559.96,4560.4,174,42,0
2026.05.05 18:02:00,4560.36,4561.14,4560.36,4561.02,150,42,0
2026.05.05 18:03:00,4561.02,4561.02,4559.98,4560.06,176,42,0
2026.05.05 18:04:00,4560.12,4560.12,4558.47,4559.45,291,42,0
2026.05.05 18:05:00,4559.44,4560.18,4559.44,4560.05,159,42,0
2026.05.05 18:06:00,4560.1,4561.07,4560.1,4560.78,171,42,0
2026.05.05 18:07:00,4561.17,4561.8,4560.72,4561.3,274,42,0
2026.05.05 18:08:00,4561.3,4561.39,4561.03,4561.16,167,42,0
2026.05.05 18:09:00,4561.17,4561.91,4560.37,4560.84,158,42,0
2026.05.05 18:10:00,4560.83,4561.14,4560.46,4560.93,152,42,0
2026.05.05 18:11:00,4560.93,4561.25,4559.98,4560.08,200,42,0
2026.05.05 18:12:00,4560.15,4561.26,4559.63,4561.19,228,42,0
2026.05.05 18:13:00,4561.17,4562.41,4561.04,4562.14,202,38,0
2026.05.05 18:14:00,4562.15,4564.72,4561.92,4564.13,325,42,0
2026.05.05 18:15:00,4564.13,4565.2,4563.76,4563.76,269,42,0
2026.05.05 18:16:00,4563.82,4563.97,4562.72,4563.31,214,42,0
2026.05.05 18:17:00,4563.39,4563.61,4562.61,4562.82,185,42,0
2026.05.05 18:18:00,4562.81,4564.16,4562.81,4563.56,185,42,0
2026.05.05 18:19:00,4563.55,4563.81,4562.42,4562.42,189,42,0
2026.05.05 18:20:00,4562.43,4563.38,4562.03,4562.64,215,42,0
2026.05.05 18:21:00,4562.63,4563.46,4562.51,4563.16,195,42,0
2026.05.05 18:22:00,4563.14,4563.15,4561.95,4562.06,164,42,0
2026.05.05 18:23:00,4562.1,4562.1,4561.23,4561.36,145,42,0
2026.05.05 18:24:00,4561.3,4562.01,4560.93,4561.94,161,42,0
2026.05.05 18:25:00,4561.93,4562.59,4561.25,4562.42,172,42,0
2026.05.05 18:26:00,4562.41,4563.1,4562.03,4562.52,196,42,0
2026.05.05 18:27:00,4562.45,4562.77,4561.97,4562.71,159,42,0
2026.05.05 18:28:00,4562.68,4562.77,4562.02,4562.35,162,42,0
2026.05.05 18:29:00,4562.39,4562.42,4561.47,4562.0,165,42,0
2026.05.05 18:30:00,4562.08,4562.63,4561.21,4561.29,200,42,0
2026.05.05 18:31:00,4561.33,4561.96,4560.44,4561.91,177,42,0
2026.05.05 18:32:00,4561.95,4561.96,4559.51,4560.1,226,42,0
2026.05.05 18:33:00,4560.1,4560.48,4559.26,4559.61,179,42,0
2026.05.05 18:34:00,4559.61,4559.96,4558.79,4558.79,204,42,0
2026.05.05 18:35:00,4558.78,4559.85,4558.74,4559.59,192,42,0
2026.05.05 18:36:00,4559.61,4559.91,4558.64,4558.76,121,35,0
2026.05.05 18:37:00,4558.75,4559.08,4558.24,4559.01,232,39,0
2026.05.05 18:38:00,4559.02,4559.58,4558.65,4559.47,176,42,0
2026.05.05 18:39:00,4559.43,4559.55,4558.81,4559.53,154,42,0
2026.05.05 18:40:00,4559.53,4559.58,4558.21,4558.21,157,42,0
2026.05.05 18:41:00,4558.22,4559.19,4557.47,4559.19,249,42,0
2026.05.05 18:42:00,4559.19,4560.12,4558.84,4560.12,175,42,0
2026.05.05 18:43:00,4560.13,4561.03,4560.0,4560.89,245,42,0
2026.05.05 18:44:00,4560.79,4562.4,4560.78,4561.49,270,42,0
2026.05.05 18:45:00,4561.5,4563.38,4561.27,4563.05,267,42,0
2026.05.05 18:46:00,4563.07,4565.6,4562.72,4565.4,249,42,0
2026.05.05 18:47:00,4565.39,4565.69,4563.91,4564.16,245,42,0
2026.05.05 18:48:00,4564.1,4564.32,4563.11,4563.93,271,42,0
2026.05.05 18:49:00,4563.93,4563.93,4562.39,4562.72,232,42,0
2026.05.05 18:50:00,4562.71,4563.29,4562.45,4562.91,206,42,0
2026.05.05 18:51:00,4562.92,4563.28,4561.54,4561.85,216,42,0
2026.05.05 18:52:00,4561.84,4562.33,4561.39,4561.99,182,42,0
2026.05.05 18:53:00,4561.93,4561.93,4560.55,4560.67,276,42,0
2026.05.05 18:54:00,4560.68,4561.22,4560.41,4560.46,173,42,0
2026.05.05 18:55:00,4560.46,4561.3,4559.81,4559.99,211,42,0
2026.05.05 18:56:00,4560.0,4560.32,4559.52,4560.17,217,42,0
2026.05.05 18:57:00,4560.17,4560.31,4559.98,4560.23,180,42,0
2026.05.05 18:58:00,4560.25,4560.92,4559.99,4560.83,204,42,0
2026.05.05 18:59:00,4560.8,4561.08,4559.9,4560.94,206,42,0
2026.05.05 19:00:00,4560.94,4561.55,4559.95,4560.05,216,42,0
2026.05.05 19:01:00,4560.04,4560.52,4559.91,4560.31,158,42,0
2026.05.05 19:02:00,4560.31,4560.41,4558.86,4559.22,198,42,0
2026.05.05 19:03:00,4559.22,4559.59,4558.98,4559.06,218,42,0
2026.05.05 19:04:00,4559.07,4559.48,4558.25,4558.75,219,42,0
2026.05.05 19:05:00,4558.75,4559.38,4558.09,4558.86,275,42,0
2026.05.05 19:06:00,4558.87,4560.24,4558.86,4559.96,173,42,0
2026.05.05 19:07:00,4559.9,4560.14,4559.69,4560.02,157,42,0
2026.05.05 19:08:00,4560.02,4560.1,4557.96,4558.31,226,42,0
2026.05.05 19:09:00,4558.28,4558.93,4557.29,4557.77,259,42,0
2026.05.05 19:10:00,4557.77,4558.02,4556.82,4557.66,256,42,0
2026.05.05 19:11:00,4557.66,4558.01,4557.26,4557.33,193,42,0
2026.05.05 19:12:00,4557.32,4557.59,4556.79,4557.25,170,42,0
2026.05.05 19:13:00,4557.32,4558.92,4557.32,4557.87,208,42,0
2026.05.05 19:14:00,4557.86,4557.86,4557.09,4557.09,132,42,0
2026.05.05 19:15:00,4557.07,4557.21,4556.16,4556.37,212,40,0
2026.05.05 19:16:00,4556.36,4556.47,4555.49,4555.85,233,35,0
2026.05.05 19:17:00,4555.84,4555.93,4554.79,4555.5,255,42,0
2026.05.05 19:18:00,4555.5,4556.32,4555.14,4556.32,213,42,0
2026.05.05 19:19:00,4556.34,4558.38,4556.34,4558.14,238,42,0
2026.05.05 19:20:00,4558.16,4558.82,4557.39,4557.85,246,42,0
2026.05.05 19:21:00,4557.82,4558.21,4557.54,4557.56,176,42,0
2026.05.05 19:22:00,4557.6,4557.84,4557.09,4557.18,165,42,0
2026.05.05 19:23:00,4557.19,4557.6,4557.1,4557.37,125,42,0
2026.05.05 19:24:00,4557.36,4557.41,4556.69,4557.04,188,42,0
2026.05.05 19:25:00,4557.03,4557.19,4556.38,4557.14,186,42,0
2026.05.05 19:26:00,4557.16,4557.16,4555.74,4555.76,218,42,0
2026.05.05 19:27:00,4555.8,4556.09,4555.27,4555.8,229,42,0
2026.05.05 19:28:00,4555.79,4556.83,4555.79,4556.31,186,42,0
2026.05.05 19:29:00,4556.31,4556.44,4555.88,4556.09,162,42,0
2026.05.05 19:30:00,4556.09,4557.32,4556.09,4556.91,185,42,0
2026.05.05 19:31:00,4556.92,4557.4,4556.05,4556.21,169,42,0
2026.05.05 19:32:00,4556.21,4557.06,4556.21,4556.64,199,42,0
2026.05.05 19:33:00,4556.61,4556.61,4555.96,4556.12,181,42,0
2026.05.05 19:34:00,4556.14,4556.61,4556.05,4556.31,135,42,0
2026.05.05 19:35:00,4556.32,4556.46,4556.07,4556.28,158,42,0
2026.05.05 19:36:00,4556.28,4556.92,4556.12,4556.64,129,42,0
2026.05.05 19:37:00,4556.65,4558.03,4556.62,4557.26,155,42,0
2026.05.05 19:38:00,4557.26,4557.26,4555.52,4556.24,234,42,0
2026.05.05 19:39:00,4556.26,4556.81,4555.98,4556.81,144,42,0
2026.05.05 19:40:00,4556.75,4556.98,4556.19,4556.3,126,42,0
2026.05.05 19:41:00,4556.29,4556.84,4556.0,4556.59,126,42,0
2026.05.05 19:42:00,4556.58,4556.58,4555.8,4555.81,128,42,0
2026.05.05 19:43:00,4555.83,4556.0,4555.44,4555.91,124,42,0
2026.05.05 19:44:00,4555.91,4555.91,4555.44,4555.49,163,42,0
2026.05.05 19:45:00,4555.53,4556.44,4555.45,4556.03,132,42,0
2026.05.05 19:46:00,4555.97,4556.21,4555.51,4555.55,177,42,0
2026.05.05 19:47:00,4555.55,4555.83,4554.87,4555.83,194,42,0
2026.05.05 19:48:00,4555.84,4557.55,4555.76,4557.15,200,42,0
2026.05.05 19:49:00,4557.16,4558.76,4556.98,4558.74,186,42,0
2026.05.05 19:50:00,4558.44,4558.52,4555.81,4556.37,349,42,0
2026.05.05 19:51:00,4556.18,4556.37,4554.62,4555.31,279,42,0
2026.05.05 19:52:00,4555.29,4555.55,4554.72,4555.08,243,42,0
2026.05.05 19:53:00,4555.09,4555.93,4554.91,4554.97,227,42,0
2026.05.05 19:54:00,4554.97,4555.16,4554.06,4554.82,203,42,0
2026.05.05 19:55:00,4555.05,4555.18,4553.73,4554.03,268,42,0
2026.05.05 19:56:00,4554.05,4554.11,4552.11,4552.34,296,42,0
2026.05.05 19:57:00,4552.34,4553.07,4551.79,4553.01,290,42,0
2026.05.05 19:58:00,4552.98,4554.84,4551.53,4554.26,387,36,0
2026.05.05 19:59:00,4554.26,4555.51,4554.26,4554.56,306,42,0
2026.05.05 20:00:00,4554.99,4555.64,4554.17,4555.39,253,42,0
2026.05.05 20:01:00,4555.39,4555.5,4554.63,4555.28,183,42,0
2026.05.05 20:02:00,4555.28,4555.32,4554.18,4554.47,171,42,0
2026.05.05 20:03:00,4554.22,4554.89,4553.95,4554.33,144,42,0
2026.05.05 20:04:00,4554.33,4555.18,4554.32,4554.41,137,42,0
2026.05.05 20:05:00,4554.39,4556.25,4554.26,4555.78,157,42,0
2026.05.05 20:06:00,4555.78,4556.01,4554.61,4554.68,194,42,0
2026.05.05 20:07:00,4554.68,4554.73,4554.23,4554.59,95,42,0
2026.05.05 20:08:00,4554.57,4555.48,4554.43,4555.3,125,42,0
2026.05.05 20:09:00,4555.28,4555.73,4555.11,4555.7,82,42,0
2026.05.05 20:10:00,4555.7,4556.22,4555.31,4555.58,96,42,0
2026.05.05 20:11:00,4555.76,4556.06,4555.6,4555.99,102,42,0
2026.05.05 20:12:00,4556.1,4556.84,4555.99,4556.59,73,42,0
2026.05.05 20:13:00,4556.48,4557.07,4556.34,4556.84,108,42,0
2026.05.05 20:14:00,4556.8,4557.2,4556.28,4556.99,106,42,0
2026.05.05 20:15:00,4556.26,4557.67,4556.1,4557.21,215,42,0
2026.05.05 20:16:00,4557.2,4557.33,4556.14,4556.32,122,42,0
2026.05.05 20:17:00,4556.39,4556.55,4555.78,4556.48,155,42,0
2026.05.05 20:18:00,4556.54,4556.71,4556.35,4556.56,123,42,0
2026.05.05 20:19:00,4556.53,4556.57,4556.13,4556.36,101,42,0
2026.05.05 20:20:00,4556.37,4556.37,4555.92,4556.27,97,42,0
2026.05.05 20:21:00,4556.31,4556.34,4555.85,4555.88,113,42,0
2026.05.05 20:22:00,4555.83,4555.88,4555.05,4555.56,149,42,0
2026.05.05 20:23:00,4555.54,4556.64,4555.51,4556.23,105,42,0
2026.05.05 20:24:00,4556.27,4556.39,4555.75,4556.09,110,42,0
2026.05.05 20:25:00,4556.12,4557.94,4556.12,4557.84,145,42,0
2026.05.05 20:26:00,4557.84,4558.5,4557.68,4558.19,209,42,0
2026.05.05 20:27:00,4558.21,4559.62,4558.18,4559.42,205,35,0
2026.05.05 20:28:00,4559.4,4559.5,4558.51,4558.78,127,42,0
2026.05.05 20:29:00,4558.78,4559.5,4558.6,4559.1,148,42,0
2026.05.05 20:30:00,4559.14,4559.92,4558.79,4558.82,151,42,0
2026.05.05 20:31:00,4558.81,4558.81,4557.67,4558.06,140,42,0
2026.05.05 20:32:00,4558.07,4558.71,4557.61,4558.67,135,42,0
2026.05.05 20:33:00,4558.67,4558.67,4557.97,4558.29,134,42,0
2026.05.05 20:34:00,4558.29,4558.32,4557.47,4557.59,124,42,0
2026.05.05 20:35:00,4557.59,4557.66,4557.1,4557.15,140,42,0
2026.05.05 20:36:00,4557.14,4557.52,4556.94,4557.3,61,42,0
2026.05.05 20:37:00,4557.3,4557.3,4556.04,4556.17,102,42,0
2026.05.05 20:38:00,4556.24,4556.29,4555.56,4555.67,146,42,0
2026.05.05 20:39:00,4555.69,4556.06,4555.64,4555.79,76,42,0
2026.05.05 20:40:00,4555.85,4556.17,4555.68,4555.87,61,42,0
2026.05.05 20:41:00,4555.84,4556.41,4555.84,4556.07,67,42,0
2026.05.05 20:42:00,4555.99,4556.14,4555.01,4555.08,122,42,0
2026.05.05 20:43:00,4555.08,4555.1,4554.76,4554.95,98,42,0
2026.05.05 20:44:00,4554.92,4555.67,4554.8,4555.44,107,42,0
2026.05.05 20:45:00,4555.44,4556.35,4555.33,4555.97,101,42,0
2026.05.05 20:46:00,4555.97,4556.0,4554.93,4555.0,102,42,0
2026.05.05 20:47:00,4554.98,4555.14,4554.75,4554.77,71,42,0
2026.05.05 20:48:00,4554.77,4555.06,4554.62,4555.02,94,42,0
2026.05.05 20:49:00,4554.98,4556.22,4554.93,4555.91,107,42,0
2026.05.05 20:50:00,4555.91,4556.32,4555.25,4556.14,83,42,0
2026.05.05 20:51:00,4556.14,4556.55,4556.13,4556.23,50,42,0
2026.05.05 20:52:00,4556.21,4556.57,4555.95,4556.33,85,42,0
2026.05.05 20:53:00,4556.17,4556.32,4555.75,4556.2,73,42,0
2026.05.05 20:54:00,4556.2,4556.4,4554.26,4554.95,128,42,0
2026.05.05 20:55:00,4554.95,4556.05,4554.51,4555.26,150,42,0
2026.05.05 20:56:00,4555.27,4556.69,4555.15,4556.66,134,42,0
2026.05.05 20:57:00,4556.64,4556.9,4555.79,4556.1,121,42,0
2026.05.05 20:58:00,4556.11,4557.57,4556.03,4557.38,135,42,0
2026.05.05 22:01:00,4558.21,4558.26,4552.88,4554.61,206,42,0
2026.05.05 22:02:00,4554.57,4554.63,4551.79,4552.01,230,42,0
2026.05.05 22:03:00,4552.08,4552.54,4550.73,4551.51,251,42,0
2026.05.05 22:04:00,4551.6,4553.12,4550.29,4552.41,174,42,0
2026.05.05 22:05:00,4552.24,4552.3,4550.14,4551.72,175,42,0
2026.05.05 22:06:00,4551.74,4551.91,4550.05,4550.83,160,42,0
2026.05.05 22:07:00,4550.82,4550.84,4549.01,4550.16,172,42,0
2026.05.05 22:08:00,4550.15,4551.02,4548.92,4550.95,176,42,0
2026.05.05 22:09:00,4550.95,4551.7,4549.96,4551.38,168,42,0
2026.05.05 22:10:00,4551.39,4551.97,4549.68,4551.21,169,42,0
2026.05.05 22:11:00,4551.18,4552.06,4550.3,4551.44,170,42,0
2026.05.05 22:12:00,4551.46,4551.46,4550.18,4550.83,91,42,0
2026.05.05 22:13:00,4550.85,4551.53,4550.18,4551.49,97,42,0
2026.05.05 22:14:00,4551.5,4552.0,4550.13,4550.56,201,42,0
2026.05.05 22:15:00,4550.56,4550.82,4550.37,4550.39,97,42,0
2026.05.05 22:16:00,4550.36,4550.42,4549.17,4550.06,170,42,0
2026.05.05 22:17:00,4550.04,4550.6,4549.66,4549.78,180,42,0
2026.05.05 22:18:00,4549.76,4550.08,4548.17,4548.76,205,42,0
2026.05.05 22:19:00,4548.74,4549.4,4548.6,4548.72,143,42,0
2026.05.05 22:20:00,4548.77,4548.83,4547.25,4548.15,193,35,0
2026.05.05 22:21:00,4548.15,4549.42,4547.86,4548.47,149,42,0
2026.05.05 22:22:00,4548.49,4549.69,4548.16,4549.27,131,42,0
2026.05.05 22:23:00,4549.34,4549.92,4548.78,4549.49,116,42,0
2026.05.05 22:24:00,4549.49,4549.89,4549.31,4549.61,84,42,0
2026.05.05 22:25:00,4549.54,4549.72,4548.64,4549.6,120,42,0
2026.05.05 22:26:00,4549.62,4549.77,4547.19,4547.41,129,42,0
2026.05.05 22:27:00,4547.41,4547.91,4546.91,4547.48,172,42,0
2026.05.05 22:28:00,4547.49,4547.87,4546.33,4546.94,140,42,0
2026.05.05 22:29:00,4546.94,4547.82,4546.63,4546.63,186,42,0
2026.05.05 22:30:00,4546.58,4547.47,4546.52,4547.12,170,42,0
2026.05.05 22:31:00,4547.11,4547.78,4546.96,4547.0,143,42,0
2026.05.05 22:32:00,4546.99,4547.7,4546.99,4547.27,92,42,0
2026.05.05 22:33:00,4547.27,4547.61,4546.05,4546.55,136,42,0
2026.05.05 22:34:00,4546.55,4549.24,4546.52,4549.04,153,42,0
2026.05.05 22:35:00,4549.03,4549.82,4548.88,4549.17,154,42,0
2026.05.05 22:36:00,4549.11,4549.76,4549.02,4549.6,66,35,0
2026.05.05 22:37:00,4549.6,4550.87,4549.49,4550.07,187,35,0
2026.05.05 22:38:00,4550.07,4550.39,4549.67,4550.3,119,42,0
2026.05.05 22:39:00,4550.34,4550.38,4549.82,4549.92,87,42,0
2026.05.05 22:40:00,4549.98,4550.6,4549.73,4550.47,94,42,0
2026.05.05 22:41:00,4550.47,4550.77,4549.94,4550.07,164,42,0
2026.05.05 22:42:00,4550.08,4550.13,4549.06,4549.28,101,42,0
2026.05.05 22:43:00,4549.38,4549.49,4548.83,4549.34,82,42,0
2026.05.05 22:44:00,4549.32,4549.71,4548.62,4548.63,103,42,0
2026.05.05 22:45:00,4548.54,4548.54,4546.93,4547.57,213,42,0
2026.05.05 22:46:00,4547.55,4548.36,4547.45,4548.01,155,42,0
2026.05.05 22:47:00,4547.99,4548.13,4547.44,4547.49,77,42,0
2026.05.05 22:48:00,4547.48,4547.84,4547.12,4547.41,102,42,0
2026.05.05 22:49:00,4547.41,4547.74,4547.41,4547.58,78,42,0
2026.05.05 22:50:00,4547.58,4548.5,4547.57,4548.18,96,42,0
2026.05.05 22:51:00,4548.18,4548.2,4547.3,4547.3,82,42,0
2026.05.05 22:52:00,4547.3,4556.68,4547.3,4554.72,439,35,0
2026.05.05 22:53:00,4554.74,4555.51,4552.16,4552.34,367,42,0
2026.05.05 22:54:00,4552.34,4558.79,4552.13,4558.57,349,42,0
2026.05.05 22:55:00,4558.57,4573.0,4558.57,4571.66,491,35,0
2026.05.05 22:56:00,4571.29,4576.7,4569.29,4570.36,400,35,0
2026.05.05 22:57:00,4570.36,4571.05,4567.09,4568.14,313,42,0
2026.05.05 22:58:00,4568.1,4569.77,4567.1,4568.76,246,42,0
2026.05.05 22:59:00,4568.77,4573.53,4568.07,4573.53,294,42,0
2026.05.05 23:00:00,4573.53,4574.64,4570.27,4572.74,329,42,0
2026.05.05 23:01:00,4572.74,4574.8,4571.34,4574.15,293,42,0
2026.05.05 23:02:00,4574.14,4574.8,4572.35,4572.98,237,42,0
2026.05.05 23:03:00,4572.6,4572.62,4569.41,4571.83,235,42,0
2026.05.05 23:04:00,4571.8,4575.47,4571.03,4574.79,243,42,0
2026.05.05 23:05:00,4574.82,4576.96,4574.39,4574.63,286,42,0
2026.05.05 23:06:00,4574.41,4574.41,4572.91,4573.59,227,42,0
2026.05.05 23:07:00,4573.56,4578.4,4573.49,4577.97,265,42,0
2026.05.05 23:08:00,4578.3,4579.35,4576.9,4577.47,236,42,0
2026.05.05 23:09:00,4577.5,4580.48,4576.92,4579.6,233,42,0
2026.05.05 23:10:00,4579.55,4580.14,4577.36,4580.07,259,42,0
2026.05.05 23:11:00,4579.94,4583.72,4579.37,4583.69,280,41,0
2026.05.05 23:12:00,4583.7,4588.26,4583.06,4585.96,376,39,0
2026.05.05 23:13:00,4585.81,4588.92,4584.92,4585.47,372,42,0
2026.05.05 23:14:00,4585.3,4590.57,4584.06,4588.7,350,42,0
2026.05.05 23:15:00,4588.7,4589.78,4586.14,4586.84,336,42,0
2026.05.05 23:16:00,4586.83,4587.51,4585.07,4585.27,328,36,0
2026.05.05 23:17:00,4585.27,4586.18,4583.42,4584.28,289,42,0
2026.05.05 23:18:00,4584.28,4587.73,4584.28,4586.71,260,42,0
2026.05.05 23:19:00,4587.01,4587.86,4585.58,4585.78,263,42,0
2026.05.05 23:20:00,4585.78,4588.18,4585.03,4588.16,286,42,0
2026.05.05 23:21:00,4588.29,4588.9,4585.52,4585.67,275,42,0
2026.05.05 23:22:00,4585.69,4588.21,4585.62,4587.21,267,42,0
2026.05.05 23:23:00,4587.62,4587.83,4585.11,4585.58,234,42,0
2026.05.05 23:24:00,4585.69,4585.72,4583.13,4584.54,290,42,0
2026.05.05 23:25:00,4584.27,4585.26,4583.89,4584.74,214,42,0
2026.05.05 23:26:00,4584.48,4584.84,4583.11,4583.57,226,42,0
2026.05.05 23:27:00,4583.57,4584.53,4583.4,4584.03,243,42,0
2026.05.05 23:28:00,4584.05,4584.31,4582.62,4583.79,227,42,0
2026.05.05 23:29:00,4583.75,4583.76,4581.98,4582.05,224,42,0
2026.05.05 23:30:00,4582.01,4582.07,4579.43,4581.15,289,42,0
2026.05.05 23:31:00,4581.19,4583.02,4580.37,4582.44,221,42,0
2026.05.05 23:32:00,4582.43,4584.85,4582.1,4584.25,237,42,0
2026.05.05 23:33:00,4584.27,4585.73,4582.62,4582.7,282,42,0
2026.05.05 23:34:00,4582.71,4584.41,4582.42,4584.22,253,42,0
2026.05.05 23:35:00,4584.16,4585.33,4583.58,4584.16,199,42,0
2026.05.05 23:36:00,4584.16,4585.2,4583.96,4584.69,185,42,0
2026.05.05 23:37:00,4584.7,4585.1,4584.33,4585.06,163,42,0
2026.05.05 23:38:00,4585.08,4587.19,4584.85,4587.05,206,35,0
2026.05.05 23:39:00,4587.04,4587.53,4585.41,4586.57,213,42,0
2026.05.05 23:40:00,4586.57,4588.39,4586.34,4587.15,224,35,0
2026.05.05 23:41:00,4587.18,4587.85,4586.94,4587.48,145,42,0
2026.05.05 23:42:00,4587.48,4588.08,4587.13,4587.62,162,42,0
2026.05.05 23:43:00,4587.61,4587.76,4586.73,4587.65,157,42,0
2026.05.05 23:44:00,4587.3,4587.3,4584.83,4585.13,189,42,0
2026.05.05 23:45:00,4585.11,4587.1,4584.29,4586.76,262,42,0
2026.05.05 23:46:00,4586.76,4587.47,4585.97,4586.36,167,42,0
2026.05.05 23:47:00,4586.35,4589.36,4586.2,4588.08,254,42,0
2026.05.05 23:48:00,4588.08,4588.38,4586.94,4588.31,241,42,0
2026.05.05 23:49:00,4588.3,4594.07,4587.55,4593.7,314,42,0
2026.05.05 23:50:00,4593.69,4595.03,4592.95,4594.73,304,42,0
2026.05.05 23:51:00,4594.73,4594.73,4592.18,4592.32,285,42,0
2026.05.05 23:52:00,4592.27,4593.54,4592.09,4592.28,251,42,0
2026.05.05 23:53:00,4592.26,4594.14,4591.91,4593.58,235,42,0
2026.05.05 23:54:00,4593.16,4593.45,4591.9,4591.97,179,42,0
2026.05.05 23:55:00,4591.97,4593.09,4590.77,4591.97,245,42,0
2026.05.05 23:56:00,4591.97,4594.84,4591.95,4594.38,229,42,0
2026.05.05 23:57:00,4594.36,4595.83,4593.37,4593.52,237,42,0
2026.05.05 23:58:00,4593.52,4594.64,4593.31,4593.52,179,42,0
2026.05.05 23:59:00,4593.56,4594.05,4592.88,4593.89,172,42,0
2026.05.06 00:00:00,4593.8,4595.95,4591.6,4593.47,372,42,0
2026.05.06 00:01:00,4593.46,4597.27,4593.06,4596.11,364,39,0
2026.05.06 00:02:00,4596.21,4598.07,4595.62,4596.91,340,35,0
2026.05.06 00:03:00,4596.91,4597.14,4595.12,4595.23,278,42,0
2026.05.06 00:04:00,4595.23,4596.72,4593.95,4595.49,276,42,0
2026.05.06 00:05:00,4595.52,4596.01,4593.88,4593.88,284,42,0
2026.05.06 00:06:00,4593.44,4594.65,4592.19,4592.19,319,42,0
2026.05.06 00:07:00,4592.06,4593.86,4591.08,4592.09,307,35,0
2026.05.06 00:08:00,4592.42,4594.06,4591.68,4593.56,284,42,0
2026.05.06 00:09:00,4593.28,4593.72,4591.65,4592.37,244,42,0
2026.05.06 00:10:00,4592.52,4592.93,4591.21,4591.35,271,42,0
2026.05.06 00:11:00,4591.35,4591.71,4589.71,4590.29,305,42,0
2026.05.06 00:12:00,4590.36,4591.05,4589.29,4589.43,315,38,0
2026.05.06 00:13:00,4589.49,4590.15,4589.44,4590.09,232,42,0
2026.05.06 00:14:00,4590.1,4592.14,4589.96,4591.79,280,42,0
2026.05.06 00:15:00,4591.79,4591.79,4589.22,4589.29,310,42,0
2026.05.06 00:16:00,4589.36,4590.07,4588.15,4589.95,303,42,0
2026.05.06 00:17:00,4589.95,4592.94,4589.62,4592.5,298,42,0
2026.05.06 00:18:00,4592.49,4597.0,4592.49,4596.1,345,42,0
2026.05.06 00:19:00,4596.13,4597.28,4595.38,4596.15,257,35,0
2026.05.06 00:20:00,4596.15,4599.87,4595.93,4598.56,330,36,0
2026.05.06 00:21:00,4598.38,4598.72,4596.84,4598.14,348,42,0
2026.05.06 00:22:00,4598.16,4600.04,4598.01,4599.7,313,42,0
2026.05.06 00:23:00,4599.71,4602.53,4599.18,4602.31,365,42,0
2026.05.06 00:24:00,4602.32,4603.0,4600.67,4602.31,285,42,0
2026.05.06 00:25:00,4602.3,4603.18,4601.74,4602.89,287,42,0
2026.05.06 00:26:00,4602.88,4603.94,4602.07,4602.61,287,35,0
2026.05.06 00:27:00,4602.61,4602.69,4599.89,4601.1,268,42,0
2026.05.06 00:28:00,4601.11,4603.19,4600.79,4602.09,268,42,0
2026.05.06 00:29:00,4602.09,4602.72,4601.44,4602.05,236,42,0
2026.05.06 00:30:00,4602.07,4604.05,4601.93,4603.59,280,42,0
2026.05.06 00:31:00,4603.58,4604.36,4602.66,4603.96,263,42,0
2026.05.06 00:32:00,4603.96,4606.38,4603.05,4605.77,315,35,0
2026.05.06 00:33:00,4605.78,4606.95,4605.38,4606.7,282,42,0
2026.05.06 00:34:00,4606.72,4608.8,4606.72,4608.58,317,42,0
2026.05.06 00:35:00,4608.59,4609.58,4607.85,4609.11,274,42,0
2026.05.06 00:36:00,4609.2,4610.05,4607.9,4608.04,279,42,0
2026.05.06 00:37:00,4608.21,4608.95,4607.72,4608.66,288,42,0
2026.05.06 00:38:00,4608.6,4610.21,4608.07,4610.21,189,38,0
2026.05.06 00:39:00,4610.19,4610.19,4608.03,4608.19,254,40,0
2026.05.06 00:40:00,4608.2,4609.61,4607.72,4609.14,292,42,0
2026.05.06 00:41:00,4609.14,4611.01,4609.01,4610.01,250,36,0
2026.05.06 00:42:00,4610.06,4610.49,4609.56,4609.81,254,42,0
2026.05.06 00:43:00,4609.77,4610.44,4609.0,4610.04,227,42,0
2026.05.06 00:44:00,4610.19,4610.63,4609.85,4610.23,199,42,0
2026.05.06 00:45:00,4610.15,4610.65,4609.73,4610.39,219,42,0
2026.05.06 00:46:00,4610.43,4610.94,4609.38,4610.87,199,42,0
2026.05.06 00:47:00,4610.88,4610.98,4610.11,4610.23,228,42,0
2026.05.06 00:48:00,4610.23,4611.0,4609.44,4610.44,232,42,0
2026.05.06 00:49:00,4610.43,4610.83,4609.2,4609.72,287,42,0
2026.05.06 00:50:00,4609.71,4611.4,4609.71,4611.14,299,41,0
2026.05.06 00:51:00,4611.2,4611.21,4610.44,4610.73,202,42,0
2026.05.06 00:52:00,4610.69,4611.24,4610.36,4610.48,191,42,0
2026.05.06 00:53:00,4610.48,4610.86,4610.15,4610.57,167,42,0
2026.05.06 00:54:00,4610.61,4611.1,4610.49,4610.8,155,42,0
2026.05.06 00:55:00,4610.83,4617.59,4610.74,4615.98,374,42,0
2026.05.06 00:56:00,4616.18,4617.57,4615.41,4615.65,311,42,0
2026.05.06 00:57:00,4615.65,4616.72,4615.2,4616.28,249,42,0
2026.05.06 00:58:00,4616.31,4619.79,4616.14,4618.11,365,42,0
2026.05.06 00:59:00,4618.0,4619.88,4615.7,4618.59,407,42,0
2026.05.06 01:00:00,4618.56,4622.44,4616.04,4617.01,478,42,0
2026.05.06 01:01:00,4616.91,4621.69,4614.11,4618.94,467,38,0
2026.05.06 01:02:00,4618.91,4619.41,4617.3,4618.03,411,42,0
2026.05.06 01:03:00,4618.02,4618.55,4616.11,4616.43,374,42,0
2026.05.06 01:04:00,4616.44,4616.72,4613.01,4615.38,397,42,0
2026.05.06 01:05:00,4615.38,4615.59,4613.36,4614.08,312,35,0
2026.05.06 01:06:00,4614.08,4614.52,4612.37,4612.88,307,42,0
2026.05.06 01:07:00,4612.86,4613.44,4610.94,4611.68,314,42,0
2026.05.06 01:08:00,4611.46,4613.12,4610.85,4612.08,288,42,0
2026.05.06 01:09:00,4612.08,4613.11,4611.53,4612.36,271,35,0
2026.05.06 01:10:00,4612.37,4612.76,4610.78,4611.28,270,42,0
2026.05.06 01:11:00,4611.27,4612.11,4610.95,4611.45,264,42,0
2026.05.06 01:12:00,4611.46,4612.56,4610.28,4610.28,285,42,0
2026.05.06 01:13:00,4610.27,4611.53,4609.37,4610.86,291,42,0
2026.05.06 01:14:00,4610.7,4611.54,4610.54,4611.4,245,42,0
2026.05.06 01:15:00,4611.38,4612.06,4609.64,4611.42,294,42,0
2026.05.06 01:16:00,4611.42,4614.13,4611.38,4613.62,319,42,0
2026.05.06 01:17:00,4613.62,4617.45,4613.5,4616.87,329,42,0
2026.05.06 01:18:00,4616.86,4617.66,4615.47,4616.52,292,41,0
2026.05.06 01:19:00,4616.51,4618.54,4616.46,4617.57,299,35,0
2026.05.06 01:20:00,4617.6,4618.45,4616.09,4617.63,307,41,0
2026.05.06 01:21:00,4617.61,4619.64,4617.29,4617.4,265,42,0
2026.05.06 01:22:00,4617.38,4617.73,4616.49,4617.25,253,42,0
2026.05.06 01:23:00,4617.48,4618.92,4616.79,4618.92,241,42,0
2026.05.06 01:24:00,4618.91,4623.83,4618.69,4623.42,372,35,0
2026.05.06 01:25:00,4623.32,4623.8,4621.86,4622.28,342,42,0
2026.05.06 01:26:00,4622.31,4623.59,4621.27,4622.84,322,42,0
2026.05.06 01:27:00,4622.86,4623.13,4621.6,4621.9,291,42,0
2026.05.06 01:28:00,4621.9,4625.41,4621.72,4624.16,304,42,0
2026.05.06 01:29:00,4624.15,4625.67,4624.03,4624.87,309,42,0
2026.05.06 01:30:00,4624.87,4625.06,4620.53,4621.89,361,42,0
2026.05.06 01:31:00,4622.0,4626.14,4621.19,4624.94,348,40,0
2026.05.06 01:32:00,4624.94,4625.49,4622.85,4624.77,313,42,0
2026.05.06 01:33:00,4624.63,4625.23,4622.4,4623.03,304,42,0
2026.05.06 01:34:00,4623.14,4623.54,4621.64,4622.52,301,42,0
2026.05.06 01:35:00,4622.54,4623.68,4620.99,4621.12,286,42,0
2026.05.06 01:36:00,4621.13,4624.01,4620.26,4623.21,318,42,0
2026.05.06 01:37:00,4623.2,4623.85,4621.72,4622.18,267,42,0
2026.05.06 01:38:00,4622.18,4624.42,4621.41,4624.07,253,42,0
2026.05.06 01:39:00,4624.07,4624.45,4623.48,4623.8,224,42,0
2026.05.06 01:40:00,4623.8,4624.45,4622.65,4623.92,268,42,0
2026.05.06 01:41:00,4623.92,4624.63,4622.73,4622.8,276,42,0
2026.05.06 01:42:00,4622.78,4623.32,4621.83,4622.91,253,42,0
2026.05.06 01:43:00,4623.02,4623.02,4621.68,4622.33,209,42,0
2026.05.06 01:44:00,4622.32,4624.89,4622.32,4623.72,219,42,0
2026.05.06 01:45:00,4623.64,4625.05,4623.32,4624.44,243,42,0
2026.05.06 01:46:00,4624.39,4625.01,4623.4,4624.34,235,42,0
2026.05.06 01:47:00,4624.32,4627.85,4624.27,4627.57,306,35,0
2026.05.06 01:48:00,4627.56,4627.74,4624.98,4625.63,362,42,0
2026.05.06 01:49:00,4625.64,4628.51,4624.97,4628.39,281,42,0
2026.05.06 01:50:00,4628.42,4628.59,4626.08,4626.08,289,42,0
2026.05.06 01:51:00,4626.08,4627.1,4625.49,4626.9,246,42,0
2026.05.06 01:52:00,4626.91,4626.91,4624.91,4625.94,237,42,0
2026.05.06 01:53:00,4625.93,4626.5,4625.23,4626.22,198,42,0
2026.05.06 01:54:00,4626.18,4626.18,4623.79,4624.59,286,42,0
2026.05.06 01:55:00,4624.59,4625.55,4623.74,4624.89,239,42,0
2026.05.06 01:56:00,4624.98,4626.43,4624.91,4625.68,237,42,0
2026.05.06 01:57:00,4625.69,4626.61,4625.45,4626.14,224,42,0
2026.05.06 01:58:00,4626.14,4626.46,4625.29,4625.33,255,42,0
2026.05.06 01:59:00,4625.31,4626.12,4624.91,4625.92,227,42,0
2026.05.06 02:00:00,4625.82,4628.18,4625.28,4628.01,238,41,0
2026.05.06 02:01:00,4627.91,4628.38,4626.83,4627.04,251,42,0
2026.05.06 02:02:00,4627.04,4628.52,4626.83,4627.24,266,42,0
2026.05.06 02:03:00,4627.23,4628.96,4626.86,4628.51,270,42,0
2026.05.06 02:04:00,4628.66,4628.67,4626.36,4627.8,251,35,0
2026.05.06 02:05:00,4627.84,4628.73,4627.57,4628.23,235,42,0
2026.05.06 02:06:00,4628.24,4628.8,4627.63,4628.24,225,42,0
2026.05.06 02:07:00,4628.25,4628.92,4627.27,4628.58,264,42,0
2026.05.06 02:08:00,4628.55,4632.32,4628.51,4631.01,342,40,0
2026.05.06 02:09:00,4631.02,4633.44,4630.93,4632.72,310,42,0
2026.05.06 02:10:00,4632.73,4633.36,4630.35,4630.41,298,42,0
2026.05.06 02:11:00,4630.41,4631.91,4630.04,4631.42,233,42,0
2026.05.06 02:12:00,4631.41,4633.0,4630.61,4632.09,240,42,0
2026.05.06 02:13:00,4632.05,4634.14,4631.9,4634.01,263,42,0
2026.05.06 02:14:00,4633.89,4634.08,4632.13,4633.22,222,42,0
2026.05.06 02:15:00,4633.22,4633.98,4632.93,4633.89,188,42,0
2026.05.06 02:16:00,4633.85,4634.3,4632.23,4632.6,192,42,0
2026.05.06 02:17:00,4632.57,4635.32,4632.57,4634.78,219,35,0
2026.05.06 02:18:00,4634.78,4636.1,4634.44,4635.54,276,35,0
2026.05.06 02:19:00,4635.54,4635.76,4633.98,4634.12,221,42,0
2026.05.06 02:20:00,4634.1,4635.73,4633.4,4635.07,202,42,0
2026.05.06 02:21:00,4635.07,4635.08,4633.86,4633.87,197,42,0
2026.05.06 02:22:00,4633.84,4634.12,4631.65,4632.49,226,42,0
2026.05.06 02:23:00,4632.52,4634.68,4632.3,4632.92,271,42,0
2026.05.06 02:24:00,4632.92,4633.59,4632.26,4633.48,163,41,0
2026.05.06 02:25:00,4633.48,4634.34,4632.85,4633.4,154,42,0
2026.05.06 02:26:00,4633.41,4633.58,4632.0,4632.07,180,42,0
2026.05.06 02:27:00,4632.07,4632.73,4631.7,4632.18,146,42,0
2026.05.06 02:28:00,4632.18,4632.18,4630.48,4631.16,246,41,0
2026.05.06 02:29:00,4631.19,4631.43,4629.65,4629.94,225,42,0
2026.05.06 02:30:00,4630.26,4630.26,4626.87,4627.84,340,42,0
2026.05.06 02:31:00,4627.83,4629.25,4627.49,4628.67,273,42,0
2026.05.06 02:32:00,4628.65,4631.96,4628.12,4631.88,281,41,0
2026.05.06 02:33:00,4631.89,4632.02,4630.22,4631.04,256,42,0
2026.05.06 02:34:00,4631.04,4631.58,4630.17,4631.24,255,42,0
2026.05.06 02:35:00,4631.24,4633.5,4631.24,4633.08,245,42,0
2026.05.06 02:36:00,4633.13,4633.28,4631.84,4633.28,244,42,0
2026.05.06 02:37:00,4633.28,4634.12,4632.71,4633.8,296,42,0
2026.05.06 02:38:00,4633.79,4633.79,4632.59,4632.83,218,42,0
2026.05.06 02:39:00,4632.82,4632.83,4630.39,4630.57,225,42,0
2026.05.06 02:40:00,4630.55,4630.98,4629.96,4630.98,208,42,0
2026.05.06 02:41:00,4631.15,4631.49,4630.18,4630.3,229,42,0
2026.05.06 02:42:00,4630.6,4632.16,4630.39,4632.05,217,42,0
2026.05.06 02:43:00,4632.09,4632.55,4631.07,4632.49,206,42,0
2026.05.06 02:44:00,4632.47,4634.89,4632.43,4634.52,249,42,0
2026.05.06 02:45:00,4634.46,4635.58,4633.75,4635.52,290,35,0
2026.05.06 02:46:00,4635.54,4637.87,4635.52,4636.92,314,42,0
2026.05.06 02:47:00,4636.92,4638.44,4636.64,4637.65,252,42,0
2026.05.06 02:48:00,4637.65,4637.65,4634.74,4635.13,250,42,0
2026.05.06 02:49:00,4635.13,4637.57,4634.92,4635.56,252,42,0
2026.05.06 02:50:00,4635.58,4636.5,4635.25,4635.25,231,42,0
2026.05.06 02:51:00,4635.26,4636.23,4634.39,4636.05,186,42,0
2026.05.06 02:52:00,4636.04,4637.27,4635.64,4637.09,209,42,0
2026.05.06 02:53:00,4637.09,4637.53,4635.89,4636.26,228,42,0
2026.05.06 02:54:00,4636.19,4638.66,4635.81,4638.53,217,35,0
2026.05.06 02:55:00,4638.4,4639.39,4638.18,4638.75,242,42,0
2026.05.06 02:56:00,4638.8,4639.86,4638.8,4639.67,207,42,0
2026.05.06 02:57:00,4639.77,4641.68,4639.62,4640.46,284,42,0
2026.05.06 02:58:00,4640.46,4640.73,4639.37,4639.88,218,42,0
2026.05.06 02:59:00,4639.88,4640.53,4639.25,4640.52,198,42,0
2026.05.06 03:00:00,4640.53,4640.53,4638.48,4638.67,241,42,0
2026.05.06 03:01:00,4638.67,4639.6,4638.62,4638.69,191,42,0
2026.05.06 03:02:00,4638.7,4641.27,4638.58,4640.64,240,42,0
2026.05.06 03:03:00,4640.75,4642.49,4640.37,4641.29,309,42,0
2026.05.06 03:04:00,4641.28,4641.56,4640.41,4641.0,231,42,0
2026.05.06 03:05:00,4640.86,4643.3,4640.39,4642.51,229,42,0
2026.05.06 03:06:00,4642.51,4644.28,4642.31,4644.06,324,42,0
2026.05.06 03:07:00,4644.05,4645.55,4643.97,4644.66,307,35,0
2026.05.06 03:08:00,4644.68,4645.0,4643.71,4644.31,260,42,0
2026.05.06 03:09:00,4644.25,4645.11,4643.48,4644.61,236,42,0
2026.05.06 03:10:00,4644.58,4645.97,4644.19,4645.3,281,38,0
2026.05.06 03:11:00,4645.1,4645.24,4643.44,4643.57,256,41,0
2026.05.06 03:12:00,4643.47,4644.93,4643.08,4644.45,227,42,0
2026.05.06 03:13:00,4644.45,4645.84,4644.22,4645.74,209,42,0
2026.05.06 03:14:00,4645.72,4650.14,4645.72,4647.75,381,35,0
2026.05.06 03:15:00,4647.67,4648.99,4646.57,4648.9,314,42,0
2026.05.06 03:16:00,4648.9,4649.09,4646.25,4647.09,271,42,0
2026.05.06 03:17:00,4647.12,4647.74,4646.25,4647.3,190,42,0
2026.05.06 03:18:00,4647.29,4650.08,4647.23,4649.28,249,42,0
2026.05.06 03:19:00,4649.29,4650.05,4648.51,4649.3,253,42,0
2026.05.06 03:20:00,4649.25,4650.94,4648.94,4649.38,274,35,0
2026.05.06 03:21:00,4649.35,4649.38,4646.68,4647.08,199,42,0
2026.05.06 03:22:00,4647.26,4647.28,4645.8,4646.18,218,42,0
2026.05.06 03:23:00,4646.18,4646.47,4644.48,4646.36,280,42,0
2026.05.06 03:24:00,4646.47,4646.67,4645.42,4645.73,204,42,0
2026.05.06 03:25:00,4645.66,4646.25,4644.87,4645.36,185,42,0
2026.05.06 03:26:00,4645.36,4645.96,4644.78,4645.65,194,42,0
2026.05.06 03:27:00,4645.59,4646.49,4644.48,4645.49,302,42,0
2026.05.06 03:28:00,4645.47,4646.27,4645.03,4645.44,189,42,0
2026.05.06 03:29:00,4645.43,4645.82,4644.93,4645.48,187,42,0
2026.05.06 03:30:00,4645.49,4645.49,4644.21,4644.49,226,42,0
2026.05.06 03:31:00,4644.63,4645.05,4642.84,4643.32,243,42,0
2026.05.06 03:32:00,4643.32,4643.75,4642.83,4643.13,200,42,0
2026.05.06 03:33:00,4643.14,4643.75,4642.54,4643.5,243,42,0
2026.05.06 03:34:00,4643.5,4644.6,4642.92,4643.88,248,42,0
2026.05.06 03:35:00,4643.69,4645.29,4643.47,4644.58,201,42,0
2026.05.06 03:36:00,4644.58,4644.74,4643.47,4644.35,198,42,0
2026.05.06 03:37:00,4644.33,4648.12,4644.07,4647.85,182,42,0
2026.05.06 03:38:00,4647.84,4648.62,4646.71,4647.33,256,42,0
2026.05.06 03:39:00,4647.31,4651.84,4646.67,4651.33,387,38,0
2026.05.06 03:40:00,4651.33,4651.48,4648.8,4648.95,279,42,0
2026.05.06 03:41:00,4648.94,4649.38,4647.52,4647.79,277,42,0
2026.05.06 03:42:00,4647.69,4647.76,4645.22,4645.39,275,42,0
2026.05.06 03:43:00,4645.37,4646.29,4645.29,4645.68,181,42,0
2026.05.06 03:44:00,4645.69,4648.08,4645.63,4647.68,195,42,0
2026.05.06 03:45:00,4647.69,4648.44,4647.02,4647.73,205,42,0
2026.05.06 03:46:00,4647.72,4647.72,4646.08,4646.39,198,42,0
2026.05.06 03:47:00,4646.37,4646.41,4645.2,4645.21,160,42,0
2026.05.06 03:48:00,4645.23,4645.69,4644.18,4644.65,178,35,0
2026.05.06 03:49:00,4644.67,4645.9,4644.25,4644.39,153,42,0
2026.05.06 03:50:00,4644.38,4645.92,4644.19,4645.92,152,42,0
2026.05.06 03:51:00,4645.82,4646.59,4645.61,4645.69,163,42,0
2026.05.06 03:52:00,4645.49,4645.8,4644.46,4645.23,154,42,0
2026.05.06 03:53:00,4645.25,4645.34,4643.83,4644.48,135,42,0
2026.05.06 03:54:00,4644.41,4644.73,4644.04,4644.07,93,42,0
2026.05.06 03:55:00,4644.08,4645.07,4643.67,4644.84,125,42,0
2026.05.06 03:56:00,4644.85,4644.85,4643.74,4644.08,121,42,0
2026.05.06 03:57:00,4644.25,4644.26,4643.71,4643.82,126,42,0
2026.05.06 03:58:00,4643.82,4643.9,4642.85,4643.73,208,42,0
2026.05.06 03:59:00,4643.73,4643.93,4643.18,4643.69,112,42,0
2026.05.06 04:00:00,4643.66,4645.4,4643.25,4644.28,182,42,0
2026.05.06 04:01:00,4644.24,4645.82,4644.24,4645.36,195,42,0
2026.05.06 04:02:00,4645.37,4645.74,4643.99,4644.01,111,42,0
2026.05.06 04:03:00,4643.98,4644.24,4643.41,4644.14,144,42,0
2026.05.06 04:04:00,4644.16,4645.33,4643.49,4644.66,154,42,0
2026.05.06 04:05:00,4644.65,4644.79,4643.38,4644.25,169,42,0
2026.05.06 04:06:00,4644.28,4645.94,4644.19,4645.62,168,42,0
2026.05.06 04:07:00,4645.62,4647.11,4645.2,4646.99,214,42,0
2026.05.06 04:08:00,4646.93,4647.65,4645.04,4645.19,248,42,0
2026.05.06 04:09:00,4645.18,4646.18,4645.18,4645.9,166,42,0
2026.05.06 04:10:00,4645.9,4646.82,4645.8,4646.07,138,42,0
2026.05.06 04:11:00,4646.07,4646.65,4645.41,4646.21,147,42,0
2026.05.06 04:12:00,4646.22,4646.25,4645.67,4646.02,150,42,0
2026.05.06 04:13:00,4646.13,4646.44,4645.9,4646.34,98,42,0
2026.05.06 04:14:00,4646.33,4647.55,4645.99,4647.55,156,42,0
2026.05.06 04:15:00,4647.56,4648.89,4647.45,4647.6,195,42,0
2026.05.06 04:16:00,4647.61,4648.62,4647.19,4648.36,164,42,0
2026.05.06 04:17:00,4648.05,4648.21,4647.21,4647.44,144,42,0
2026.05.06 04:18:00,4647.41,4647.41,4646.58,4646.88,136,42,0
2026.05.06 04:19:00,4646.84,4646.84,4645.72,4645.85,125,35,0
2026.05.06 04:20:00,4645.85,4646.48,4645.54,4645.94,151,42,0
2026.05.06 04:21:00,4645.94,4646.44,4645.87,4646.22,108,42,0
2026.05.06 04:22:00,4646.2,4646.2,4645.67,4645.96,80,42,0
2026.05.06 04:23:00,4645.97,4646.4,4645.75,4645.94,116,42,0
2026.05.06 04:24:00,4645.89,4646.48,4645.74,4646.43,112,42,0
2026.05.06 04:25:00,4646.43,4646.65,4645.53,4645.68,132,42,0
2026.05.06 04:26:00,4645.68,4646.21,4645.61,4646.17,78,42,0
2026.05.06 04:27:00,4646.19,4653.15,4646.03,4651.12,407,42,0
2026.05.06 04:28:00,4651.08,4651.83,4649.6,4650.8,347,42,0
2026.05.06 04:29:00,4650.83,4653.45,4650.8,4652.36,348,42,0
2026.05.06 04:30:00,4652.38,4652.43,4650.24,4651.39,315,42,0
2026.05.06 04:31:00,4651.39,4651.71,4650.43,4651.41,246,35,0
2026.05.06 04:32:00,4651.42,4652.13,4650.81,4652.01,255,42,0
2026.05.06 04:33:00,4651.98,4652.16,4650.93,4651.32,277,42,0
2026.05.06 04:34:00,4651.11,4651.91,4648.56,4649.36,256,42,0
2026.05.06 04:35:00,4649.36,4651.34,4649.36,4650.58,317,42,0
2026.05.06 04:36:00,4650.59,4650.91,4649.06,4649.17,266,42,0
2026.05.06 04:37:00,4649.16,4650.62,4648.96,4650.26,268,42,0
2026.05.06 04:38:00,4650.28,4650.48,4648.28,4648.84,337,41,0
2026.05.06 04:39:00,4648.84,4649.64,4648.31,4649.18,267,41,0
2026.05.06 04:40:00,4649.17,4650.28,4649.11,4650.09,252,35,0
2026.05.06 04:41:00,4650.09,4650.1,4648.34,4648.34,301,42,0
2026.05.06 04:42:00,4648.34,4648.58,4646.16,4646.43,249,42,0
2026.05.06 04:43:00,4646.42,4647.78,4646.04,4646.92,287,42,0
2026.05.06 04:44:00,4646.93,4647.94,4646.74,4647.73,279,42,0
2026.05.06 04:45:00,4647.73,4648.66,4647.42,4648.08,186,42,0
2026.05.06 04:46:00,4648.07,4648.62,4647.06,4648.09,217,42,0
2026.05.06 04:47:00,4648.13,4649.52,4648.13,4648.9,239,42,0
2026.05.06 04:48:00,4648.9,4651.48,4648.73,4651.48,224,42,0
2026.05.06 04:49:00,4651.5,4652.67,4650.29,4650.29,313,42,0
2026.05.06 04:50:00,4650.29,4651.68,4650.06,4651.51,201,42,0
2026.05.06 04:51:00,4651.5,4651.85,4649.52,4650.72,251,42,0
2026.05.06 04:52:00,4650.7,4650.81,4649.57,4649.61,185,42,0
2026.05.06 04:53:00,4649.6,4649.75,4648.92,4649.16,189,42,0
2026.05.06 04:54:00,4649.14,4650.19,4648.33,4649.0,176,42,0
2026.05.06 04:55:00,4648.97,4650.54,4648.9,4650.2,195,42,0
2026.05.06 04:56:00,4650.2,4650.6,4649.45,4650.57,199,42,0
2026.05.06 04:57:00,4650.7,4650.76,4648.77,4650.53,231,42,0
2026.05.06 04:58:00,4650.53,4651.08,4649.06,4649.06,175,42,0
2026.05.06 04:59:00,4649.02,4649.48,4648.71,4648.86,169,42,0
2026.05.06 05:00:00,4648.89,4651.67,4648.74,4650.88,232,42,0
2026.05.06 05:01:00,4650.89,4651.87,4650.41,4650.97,200,42,0
2026.05.06 05:02:00,4650.97,4651.73,4650.77,4650.86,186,42,0
2026.05.06 05:03:00,4650.87,4651.88,4650.62,4651.73,164,42,0
2026.05.06 05:04:00,4651.79,4653.6,4651.7,4651.87,234,42,0
2026.05.06 05:05:00,4651.88,4652.06,4650.41,4651.42,190,42,0
2026.05.06 05:06:00,4651.43,4651.43,4650.83,4651.01,160,42,0
2026.05.06 05:07:00,4651.02,4651.9,4650.09,4650.99,212,39,0
2026.05.06 05:08:00,4651.08,4653.87,4650.72,4653.87,169,42,0
2026.05.06 05:09:00,4653.88,4656.49,4653.56,4655.34,370,35,0
2026.05.06 05:10:00,4655.34,4655.54,4654.22,4654.44,232,42,0
2026.05.06 05:11:00,4654.42,4654.87,4653.77,4654.17,176,42,0
2026.05.06 05:12:00,4654.16,4654.91,4652.98,4654.12,197,42,0
2026.05.06 05:13:00,4654.14,4655.71,4654.14,4654.38,213,42,0
2026.05.06 05:14:00,4654.65,4656.18,4654.32,4654.83,197,42,0
2026.05.06 05:15:00,4654.8,4654.8,4651.65,4652.01,343,38,0
2026.05.06 05:16:00,4652.02,4652.17,4649.43,4649.94,276,42,0
2026.05.06 05:17:00,4649.87,4652.52,4649.87,4652.16,207,42,0
2026.05.06 05:18:00,4652.21,4652.45,4651.48,4652.42,158,42,0
2026.05.06 05:19:00,4652.35,4652.41,4651.13,4651.78,161,42,0
2026.05.06 05:20:00,4651.79,4651.88,4650.29,4650.58,166,42,0
2026.05.06 05:21:00,4650.59,4650.97,4650.05,4650.49,173,42,0
2026.05.06 05:22:00,4650.5,4652.23,4650.15,4651.04,177,42,0
2026.05.06 05:23:00,4651.01,4652.55,4651.01,4651.83,178,42,0
2026.05.06 05:24:00,4651.82,4653.9,4651.46,4653.81,213,42,0
2026.05.06 05:25:00,4653.74,4654.51,4653.44,4654.06,194,42,0
2026.05.06 05:26:00,4654.07,4655.12,4652.34,4652.59,232,42,0
2026.05.06 05:27:00,4652.55,4652.56,4651.26,4651.53,211,42,0
2026.05.06 05:28:00,4651.54,4652.0,4650.8,4650.99,152,42,0
2026.05.06 05:29:00,4650.99,4651.4,4650.26,4650.28,185,42,0
2026.05.06 05:30:00,4650.26,4651.95,4648.68,4649.81,364,42,0
2026.05.06 05:31:00,4649.84,4649.84,4646.66,4646.81,349,42,0
2026.05.06 05:32:00,4646.83,4647.85,4645.72,4646.87,336,42,0
2026.05.06 05:33:00,4646.87,4647.65,4644.88,4645.78,320,42,0
2026.05.06 05:34:00,4645.78,4648.16,4645.52,4646.65,300,42,0
2026.05.06 05:35:00,4646.63,4647.06,4644.81,4645.8,286,42,0
2026.05.06 05:36:00,4645.81,4646.04,4644.56,4645.11,259,42,0
2026.05.06 05:37:00,4645.1,4646.18,4644.52,4645.99,248,42,0
2026.05.06 05:38:00,4646.08,4647.54,4646.0,4646.1,269,42,0
2026.05.06 05:39:00,4646.21,4647.38,4646.21,4646.84,201,42,0
2026.05.06 05:40:00,4646.87,4647.15,4645.87,4646.09,241,42,0
2026.05.06 05:41:00,4646.09,4646.46,4645.22,4645.24,193,42,0
2026.05.06 05:42:00,4645.31,4646.74,4644.92,4646.61,202,42,0
2026.05.06 05:43:00,4646.63,4648.38,4646.04,4648.38,238,42,0
2026.05.06 05:44:00,4648.38,4650.98,4648.21,4649.83,319,42,0
2026.05.06 05:45:00,4649.86,4650.44,4649.32,4650.23,229,42,0
2026.05.06 05:46:00,4650.24,4651.54,4649.91,4650.59,266,42,0
2026.05.06 05:47:00,4650.59,4651.34,4649.6,4651.0,235,42,0
2026.05.06 05:48:00,4651.0,4651.2,4650.16,4650.97,194,42,0
2026.05.06 05:49:00,4650.98,4651.39,4649.15,4649.39,206,42,0
2026.05.06 05:50:00,4649.51,4651.83,4649.44,4651.66,252,42,0
2026.05.06 05:51:00,4651.62,4652.12,4650.35,4651.19,270,42,0
2026.05.06 05:52:00,4651.21,4652.03,4650.18,4652.02,207,42,0
2026.05.06 05:53:00,4652.05,4652.92,4651.76,4652.63,248,42,0
2026.05.06 05:54:00,4652.56,4653.21,4652.3,4652.78,227,42,0
2026.05.06 05:55:00,4652.78,4655.38,4651.8,4654.82,319,38,0
2026.05.06 05:56:00,4654.81,4660.69,4654.65,4658.6,410,38,0
2026.05.06 05:57:00,4658.68,4659.76,4657.46,4658.83,304,42,0
2026.05.06 05:58:00,4658.83,4663.81,4658.76,4662.42,377,42,0
2026.05.06 05:59:00,4662.42,4663.56,4661.83,4662.88,303,42,0
2026.05.06 06:00:00,4662.88,4664.88,4661.71,4664.85,408,42,0
2026.05.06 06:01:00,4664.78,4665.62,4662.0,4662.08,389,42,0
2026.05.06 06:02:00,4662.07,4662.46,4660.31,4661.42,352,42,0
2026.05.06 06:03:00,4661.32,4664.25,4660.12,4660.29,345,35,0
2026.05.06 06:04:00,4660.39,4660.95,4658.06,4658.4,302,35,0
2026.05.06 06:05:00,4658.4,4658.84,4657.25,4657.82,333,35,0
2026.05.06 06:06:00,4657.2,4659.22,4656.86,4658.65,302,35,0
2026.05.06 06:07:00,4658.65,4660.54,4658.02,4660.39,312,35,0
2026.05.06 06:08:00,4660.39,4665.7,4660.38,4664.05,339,42,0
2026.05.06 06:09:00,4664.06,4664.33,4663.06,4663.45,303,42,0
2026.05.06 06:10:00,4663.45,4664.29,4662.74,4662.77,293,42,0
2026.05.06 06:11:00,4662.77,4664.22,4662.45,4662.82,280,42,0
2026.05.06 06:12:00,4662.85,4663.46,4661.95,4662.21,299,42,0
2026.05.06 06:13:00,4662.18,4663.6,4662.06,4663.25,301,42,0
2026.05.06 06:14:00,4663.24,4663.83,4660.01,4660.02,270,42,0
2026.05.06 06:15:00,4660.02,4660.51,4658.87,4660.39,295,42,0
2026.05.06 06:16:00,4660.69,4660.69,4659.36,4660.27,234,42,0
2026.05.06 06:17:00,4660.29,4661.32,4660.06,4660.32,258,42,0
2026.05.06 06:18:00,4660.32,4660.38,4658.83,4659.35,235,35,0
2026.05.06 06:19:00,4659.35,4659.48,4658.15,4658.22,209,42,0
2026.05.06 06:20:00,4658.24,4661.01,4657.84,4660.2,280,42,0
2026.05.06 06:21:00,4660.19,4661.57,4659.72,4660.72,277,42,0
2026.05.06 06:22:00,4660.78,4661.0,4659.99,4660.44,195,42,0
2026.05.06 06:23:00,4660.41,4663.55,4660.41,4663.4,328,42,0
2026.05.06 06:24:00,4663.41,4664.59,4662.34,4662.67,294,42,0
2026.05.06 06:25:00,4662.7,4665.51,4661.83,4664.94,269,42,0
2026.05.06 06:26:00,4664.88,4666.56,4664.4,4666.29,309,35,0
2026.05.06 06:27:00,4666.23,4666.38,4665.22,4665.87,295,42,0
2026.05.06 06:28:00,4665.87,4666.42,4665.06,4666.3,251,42,0
2026.05.06 06:29:00,4666.22,4666.44,4664.88,4665.99,243,42,0
2026.05.06 06:30:00,4666.07,4666.58,4664.97,4666.47,291,35,0
2026.05.06 06:31:00,4666.47,4668.53,4666.11,4667.75,354,35,0
2026.05.06 06:32:00,4667.72,4667.84,4665.7,4666.18,284,42,0
2026.05.06 06:33:00,4665.92,4666.92,4665.11,4665.38,245,42,0
2026.05.06 06:34:00,4665.37,4665.98,4663.39,4664.12,272,42,0
2026.05.06 06:35:00,4664.0,4664.32,4663.26,4663.55,255,42,0
2026.05.06 06:36:00,4663.54,4663.77,4662.15,4662.24,240,42,0
2026.05.06 06:37:00,4662.34,4666.27,4662.34,4665.49,307,38,0
2026.05.06 06:38:00,4665.5,4667.15,4664.96,4667.11,271,42,0
2026.05.06 06:39:00,4667.11,4668.25,4665.79,4666.07,302,35,0
2026.05.06 06:40:00,4666.07,4667.75,4665.51,4665.81,260,42,0
2026.05.06 06:41:00,4665.8,4666.09,4663.82,4664.16,285,42,0
2026.05.06 06:42:00,4664.15,4664.16,4659.96,4661.99,391,35,0
2026.05.06 06:43:00,4662.0,4662.0,4660.1,4661.69,293,35,0
2026.05.06 06:44:00,4661.68,4664.68,4661.45,4664.07,304,42,0
2026.05.06 06:45:00,4664.06,4665.82,4663.72,4664.84,283,35,0
2026.05.06 06:46:00,4664.82,4666.52,4664.56,4665.75,295,42,0
2026.05.06 06:47:00,4665.73,4666.54,4663.57,4664.27,275,42,0
2026.05.06 06:48:00,4664.27,4665.12,4663.85,4664.94,241,42,0
2026.05.06 06:49:00,4664.94,4665.47,4664.38,4664.95,226,42,0
2026.05.06 06:50:00,4664.95,4664.95,4663.23,4663.57,249,41,0
2026.05.06 06:51:00,4663.53,4664.03,4662.83,4662.97,248,42,0
2026.05.06 06:52:00,4662.99,4665.36,4662.8,4664.96,268,35,0
2026.05.06 06:53:00,4664.96,4664.97,4663.72,4664.96,227,41,0
2026.05.06 06:54:00,4664.96,4665.28,4664.14,4664.63,226,42,0
2026.05.06 06:55:00,4664.62,4665.9,4664.33,4665.73,239,42,0
2026.05.06 06:56:00,4665.56,4666.12,4665.11,4665.68,199,38,0
2026.05.06 06:57:00,4665.68,4666.17,4664.98,4665.46,225,35,0
2026.05.06 06:58:00,4665.6,4666.84,4665.17,4666.12,243,35,0
2026.05.06 06:59:00,4666.11,4669.3,4666.03,4669.26,397,43,0
2026.05.06 07:00:00,4669.28,4670.28,4667.21,4667.39,358,35,0
2026.05.06 07:01:00,4667.37,4669.32,4665.28,4668.55,276,35,0
2026.05.06 07:02:00,4668.56,4668.61,4665.74,4666.39,294,35,0
2026.05.06 07:03:00,4666.42,4667.89,4666.22,4667.78,209,35,0
2026.05.06 07:04:00,4667.79,4668.83,4667.61,4667.7,222,35,0
2026.05.06 07:05:00,4667.7,4668.17,4666.62,4666.62,216,35,0
2026.05.06 07:06:00,4666.63,4667.1,4666.19,4666.57,228,35,0
2026.05.06 07:07:00,4666.59,4667.34,4666.25,4666.39,223,35,0
2026.05.06 07:08:00,4666.4,4667.76,4665.99,4666.09,266,35,0
2026.05.06 07:09:00,4666.15,4666.97,4666.15,4666.87,192,35,0
2026.05.06 07:10:00,4666.97,4668.0,4666.15,4666.94,256,35,0
2026.05.06 07:11:00,4666.88,4666.89,4664.18,4664.67,307,35,0
2026.05.06 07:12:00,4664.5,4664.56,4660.65,4661.1,316,35,0
2026.05.06 07:13:00,4661.1,4662.19,4660.62,4661.02,317,35,0
2026.05.06 07:14:00,4661.04,4661.04,4658.31,4658.51,332,35,0
2026.05.06 07:15:00,4658.53,4658.62,4657.3,4658.07,314,35,0
2026.05.06 07:16:00,4658.03,4658.97,4657.69,4657.95,295,35,0
2026.05.06 07:17:00,4658.12,4659.65,4658.09,4658.67,250,35,0
2026.05.06 07:18:00,4658.64,4659.62,4658.39,4658.79,251,35,0
2026.05.06 07:19:00,4658.79,4660.68,4658.27,4660.61,283,35,0
2026.05.06 07:20:00,4660.5,4660.76,4659.48,4659.96,283,35,0
2026.05.06 07:21:00,4659.97,4662.16,4659.94,4661.63,279,35,0
2026.05.06 07:22:00,4661.63,4663.4,4661.53,4662.63,281,35,0
2026.05.06 07:23:00,4662.62,4662.68,4661.29,4661.73,268,35,0
2026.05.06 07:24:00,4661.72,4665.77,4661.27,4664.93,280,35,0
2026.05.06 07:25:00,4664.94,4665.71,4663.0,4663.5,343,35,0
2026.05.06 07:26:00,4663.53,4666.62,4663.53,4665.54,348,35,0
2026.05.06 07:27:00,4665.6,4667.66,4664.89,4667.54,295,35,0
2026.05.06 07:28:00,4667.54,4669.85,4667.35,4667.9,348,35,0
2026.05.06 07:29:00,4667.89,4669.4,4667.13,4667.19,297,35,0
2026.05.06 07:30:00,4667.23,4667.85,4666.2,4667.5,282,35,0
2026.05.06 07:31:00,4667.43,4668.32,4664.1,4664.31,347,35,0
2026.05.06 07:32:00,4664.34,4665.97,4663.43,4665.63,291,35,0
2026.05.06 07:33:00,4665.64,4666.35,4664.66,4665.39,271,35,0
2026.05.06 07:34:00,4665.52,4667.67,4665.08,4665.8,339,35,0
2026.05.06 07:35:00,4665.8,4666.76,4663.8,4663.99,300,35,0
2026.05.06 07:36:00,4664.01,4665.3,4662.97,4664.4,349,35,0
2026.05.06 07:37:00,4664.23,4666.22,4664.22,4665.22,207,35,0
2026.05.06 07:38:00,4665.2,4665.38,4664.09,4664.82,213,35,0
2026.05.06 07:39:00,4664.77,4666.38,4664.63,4664.83,182,35,0
2026.05.06 07:40:00,4664.83,4667.61,4664.5,4667.12,248,35,0
2026.05.06 07:41:00,4667.1,4668.44,4666.97,4668.28,249,35,0
2026.05.06 07:42:00,4668.21,4668.52,4667.25,4667.79,212,35,0
2026.05.06 07:43:00,4667.79,4669.06,4667.69,4668.7,224,35,0
2026.05.06 07:44:00,4668.71,4670.4,4668.25,4670.4,269,35,0
2026.05.06 07:45:00,4670.37,4673.96,4669.93,4673.35,435,35,0
2026.05.06 07:46:00,4673.4,4677.15,4672.87,4675.97,479,35,0
2026.05.06 07:47:00,4675.99,4676.49,4673.57,4674.0,438,35,0
2026.05.06 07:48:00,4674.17,4675.0,4673.59,4673.67,310,35,0
2026.05.06 07:49:00,4673.54,4676.69,4673.49,4675.14,264,35,0
2026.05.06 07:50:00,4675.13,4677.03,4674.69,4676.67,319,35,0
2026.05.06 07:51:00,4676.58,4678.43,4674.88,4675.2,345,35,0
2026.05.06 07:52:00,4675.22,4676.27,4674.01,4675.35,307,35,0
2026.05.06 07:53:00,4675.36,4675.73,4674.77,4675.03,216,35,0
2026.05.06 07:54:00,4674.89,4674.95,4673.77,4674.46,250,35,0
2026.05.06 07:55:00,4674.47,4675.25,4674.15,4674.3,252,35,0
2026.05.06 07:56:00,4674.29,4675.31,4674.21,4674.93,258,35,0
2026.05.06 07:57:00,4674.93,4675.98,4674.14,4675.9,296,35,0
2026.05.06 07:58:00,4675.87,4677.35,4675.76,4677.35,301,35,0
2026.05.06 07:59:00,4677.34,4681.55,4676.98,4681.41,394,35,0
2026.05.06 08:00:00,4681.12,4682.23,4678.32,4678.42,461,35,0
2026.05.06 08:01:00,4678.42,4678.54,4675.82,4676.45,366,35,0
2026.05.06 08:02:00,4676.44,4678.1,4676.44,4677.2,289,35,0
2026.05.06 08:03:00,4677.18,4678.38,4676.35,4677.55,303,35,0
2026.05.06 08:04:00,4677.48,4678.51,4677.2,4677.73,248,35,0
2026.05.06 08:05:00,4677.76,4679.43,4677.01,4679.05,322,35,0
2026.05.06 08:06:00,4678.9,4680.15,4678.42,4678.63,270,35,0
2026.05.06 08:07:00,4678.57,4679.05,4676.35,4677.63,290,35,0
2026.05.06 08:08:00,4677.63,4678.28,4674.95,4675.16,326,35,0
2026.05.06 08:09:00,4675.17,4677.8,4675.1,4677.42,274,35,0
2026.05.06 08:10:00,4677.44,4679.65,4676.72,4679.37,353,35,0
2026.05.06 08:11:00,4679.4,4682.09,4679.4,4681.29,360,35,0
2026.05.06 08:12:00,4681.3,4681.43,4678.6,4678.9,309,35,0
2026.05.06 08:13:00,4678.84,4680.47,4678.53,4679.46,303,35,0
2026.05.06 08:14:00,4679.34,4680.75,4678.78,4679.45,280,35,0
2026.05.06 08:15:00,4679.37,4680.09,4677.91,4679.98,319,35,0
2026.05.06 08:16:00,4679.98,4680.69,4679.07,4679.83,261,35,0
2026.05.06 08:17:00,4679.83,4679.83,4678.53,4679.42,217,35,0
2026.05.06 08:18:00,4679.41,4679.41,4677.54,4678.34,237,35,0
2026.05.06 08:19:00,4678.34,4679.27,4678.06,4678.57,260,35,0
2026.05.06 08:20:00,4678.57,4678.89,4676.87,4677.14,253,35,0
2026.05.06 08:21:00,4677.21,4678.91,4677.14,4678.14,257,35,0
2026.05.06 08:22:00,4678.11,4678.76,4677.62,4677.97,222,35,0
2026.05.06 08:23:00,4678.0,4679.44,4677.54,4679.34,243,35,0
2026.05.06 08:24:00,4679.18,4679.69,4678.26,4678.33,282,35,0
2026.05.06 08:25:00,4678.29,4678.52,4677.54,4678.02,212,35,0
2026.05.06 08:26:00,4678.04,4680.02,4677.91,4679.09,212,35,0
2026.05.06 08:27:00,4679.09,4679.42,4678.5,4678.62,175,35,0
2026.05.06 08:28:00,4678.61,4679.27,4677.7,4678.34,186,35,0
2026.05.06 08:29:00,4678.38,4678.38,4676.68,4676.87,267,35,0
2026.05.06 08:30:00,4676.89,4678.03,4676.82,4677.63,206,35,0
2026.05.06 08:31:00,4677.57,4677.6,4675.96,4676.18,196,35,0
2026.05.06 08:32:00,4676.48,4677.58,4675.32,4676.81,295,35,0
2026.05.06 08:33:00,4676.89,4678.11,4676.62,4677.61,281,35,0
2026.05.06 08:34:00,4677.57,4677.7,4675.61,4675.9,219,35,0
2026.05.06 08:35:00,4675.9,4675.95,4672.29,4672.53,352,35,0
2026.05.06 08:36:00,4672.56,4675.45,4671.72,4674.5,384,35,0
2026.05.06 08:37:00,4674.43,4675.19,4672.97,4673.75,331,35,0
2026.05.06 08:38:00,4673.75,4675.46,4673.17,4674.83,303,35,0
2026.05.06 08:39:00,4674.83,4675.89,4674.83,4675.69,195,35,0
2026.05.06 08:40:00,4675.69,4675.88,4674.58,4674.59,275,35,0
2026.05.06 08:41:00,4674.59,4674.98,4673.34,4674.33,261,35,0
2026.05.06 08:42:00,4674.38,4677.63,4674.38,4677.52,288,35,0
2026.05.06 08:43:00,4677.52,4678.78,4677.07,4677.75,323,35,0
2026.05.06 08:44:00,4678.05,4678.05,4676.98,4677.38,201,35,0
2026.05.06 08:45:00,4677.37,4677.91,4677.33,4677.56,128,35,0
2026.05.06 08:46:00,4677.7,4678.81,4677.32,4678.14,263,35,0
2026.05.06 08:47:00,4678.15,4679.27,4677.47,4678.98,217,35,0
2026.05.06 08:48:00,4678.94,4680.49,4678.78,4680.31,308,35,0
2026.05.06 08:49:00,4680.32,4681.97,4679.56,4679.62,327,35,0
2026.05.06 08:50:00,4679.62,4700.57,4679.45,4696.6,545,35,0
2026.05.06 08:51:00,4696.09,4701.97,4693.94,4694.03,551,35,0
2026.05.06 08:52:00,4694.27,4702.5,4692.84,4698.97,533,35,0
2026.05.06 08:53:00,4698.93,4702.07,4695.28,4695.77,496,35,0
2026.05.06 08:54:00,4695.74,4701.65,4695.74,4697.41,455,35,0
2026.05.06 08:55:00,4698.01,4700.39,4695.95,4698.03,478,35,0
2026.05.06 08:56:00,4698.11,4700.95,4696.89,4697.18,477,35,0
2026.05.06 08:57:00,4697.18,4699.45,4693.22,4693.22,437,35,0
2026.05.06 08:58:00,4693.07,4695.74,4692.88,4694.67,426,35,0
2026.05.06 08:59:00,4694.67,4700.13,4693.85,4699.72,428,35,0
2026.05.06 09:00:00,4700.0,4708.65,4700.0,4702.91,538,35,0
2026.05.06 09:01:00,4702.45,4704.1,4700.37,4701.79,444,35,0
2026.05.06 09:02:00,4701.82,4701.82,4697.86,4698.47,431,35,0
2026.05.06 09:03:00,4698.58,4699.04,4694.65,4695.86,450,35,0
2026.05.06 09:04:00,4696.04,4696.13,4692.0,4692.23,424,35,0
2026.05.06 09:05:00,4691.85,4693.45,4689.48,4690.53,449,35,0
2026.05.06 09:06:00,4690.55,4691.79,4689.72,4691.22,386,35,0
2026.05.06 09:07:00,4691.21,4693.9,4689.16,4692.13,458,35,0
2026.05.06 09:08:00,4692.06,4696.32,4691.71,4695.77,412,35,0
2026.05.06 09:09:00,4695.81,4695.9,4693.86,4694.88,342,35,0
2026.05.06 09:10:00,4694.88,4695.84,4693.73,4695.02,328,35,0
2026.05.06 09:11:00,4695.02,4696.91,4694.25,4696.27,318,35,0
2026.05.06 09:12:00,4696.28,4698.87,4695.4,4696.67,378,35,0
2026.05.06 09:13:00,4696.63,4697.49,4695.41,4696.95,326,35,0
2026.05.06 09:14:00,4696.94,4697.24,4695.03,4695.73,315,35,0
2026.05.06 09:15:00,4695.66,4697.44,4695.09,4695.23,355,35,0
2026.05.06 09:16:00,4695.24,4697.15,4695.11,4695.66,377,35,0
2026.05.06 09:17:00,4695.66,4698.07,4694.68,4698.07,337,35,0
2026.05.06 09:18:00,4698.07,4701.92,4698.0,4701.16,389,35,0
2026.05.06 09:19:00,4701.21,4702.69,4699.66,4699.67,462,35,0
2026.05.06 09:20:00,4699.82,4700.01,4697.14,4698.9,410,35,0
2026.05.06 09:21:00,4698.82,4699.15,4695.19,4695.84,381,35,0
2026.05.06 09:22:00,4695.83,4696.85,4691.27,4692.93,390,35,0
2026.05.06 09:23:00,4693.0,4694.07,4691.82,4693.19,334,35,0
2026.05.06 09:24:00,4693.18,4695.75,4692.55,4695.75,310,35,0
2026.05.06 09:25:00,4695.8,4696.14,4694.36,4694.74,324,35,0
2026.05.06 09:26:00,4695.21,4697.11,4694.35,4696.89,330,35,0
2026.05.06 09:27:00,4696.89,4700.9,4696.89,4700.32,369,35,0
2026.05.06 09:28:00,4700.43,4704.83,4699.61,4702.17,413,35,0
2026.05.06 09:29:00,4702.11,4702.18,4698.92,4700.08,350,35,0
2026.05.06 09:30:00,4699.76,4700.01,4698.17,4698.96,297,35,0
2026.05.06 09:31:00,4698.96,4699.23,4696.55,4696.71,327,35,0
2026.05.06 09:32:00,4696.66,4702.08,4696.12,4701.95,443,35,0
2026.05.06 09:33:00,4701.97,4704.17,4700.99,4701.97,421,35,0
2026.05.06 09:34:00,4701.99,4703.46,4700.51,4703.25,362,35,0
2026.05.06 09:35:00,4703.28,4703.81,4701.73,4702.64,382,35,0
2026.05.06 09:36:00,4702.66,4704.46,4702.21,4702.98,358,35,0
2026.05.06 09:37:00,4702.94,4705.92,4702.49,4704.51,381,35,0
2026.05.06 09:38:00,4704.37,4704.89,4702.17,4702.2,297,35,0
2026.05.06 09:39:00,4702.21,4703.52,4702.15,4703.23,302,35,0
2026.05.06 09:40:00,4703.25,4704.75,4701.98,4702.42,316,35,0
2026.05.06 09:41:00,4702.41,4702.79,4700.03,4700.07,279,35,0
2026.05.06 09:42:00,4699.97,4700.73,4697.18,4697.5,368,35,0
2026.05.06 09:43:00,4697.49,4698.68,4696.09,4696.57,311,35,0
2026.05.06 09:44:00,4696.57,4697.48,4695.75,4696.02,254,35,0
2026.05.06 09:45:00,4696.02,4696.82,4693.7,4695.58,343,35,0
2026.05.06 09:46:00,4695.58,4699.0,4695.29,4698.75,349,35,0
2026.05.06 09:47:00,4698.79,4702.12,4698.53,4699.44,372,35,0
2026.05.06 09:48:00,4699.45,4700.36,4698.47,4699.84,271,35,0
2026.05.06 09:49:00,4699.86,4701.29,4699.62,4701.22,293,35,0
2026.05.06 09:50:00,4701.21,4701.21,4697.5,4698.43,284,35,0
2026.05.06 09:51:00,4698.44,4700.14,4698.39,4698.82,246,35,0
2026.05.06 09:52:00,4698.47,4698.99,4697.24,4698.77,285,35,0
2026.05.06 09:53:00,4698.79,4700.37,4697.94,4699.71,314,35,0
2026.05.06 09:54:00,4699.68,4700.84,4699.46,4700.23,269,35,0
2026.05.06 09:55:00,4700.23,4702.49,4700.17,4701.47,290,35,0
2026.05.06 09:56:00,4701.47,4702.22,4700.73,4701.05,261,35,0
2026.05.06 09:57:00,4701.04,4702.2,4700.3,4701.49,266,35,0
2026.05.06 09:58:00,4701.49,4701.83,4700.92,4701.18,231,35,0
2026.05.06 09:59:00,4701.16,4702.86,4701.13,4701.63,275,35,0
2026.05.06 10:00:00,4701.64,4705.45,4701.64,4704.09,404,35,0
2026.05.06 10:01:00,4704.09,4704.83,4702.61,4703.38,302,35,0
2026.05.06 10:02:00,4703.41,4703.7,4701.4,4701.62,325,35,0
2026.05.06 10:03:00,4701.61,4703.17,4699.67,4700.01,315,35,0
2026.05.06 10:04:00,4700.0,4702.74,4698.79,4700.68,345,35,0
2026.05.06 10:05:00,4700.63,4701.61,4699.6,4700.26,310,35,0
2026.05.06 10:06:00,4700.27,4701.82,4699.51,4701.24,278,35,0
2026.05.06 10:07:00,4701.25,4701.25,4698.66,4699.34,286,35,0
2026.05.06 10:08:00,4699.36,4700.45,4697.36,4697.51,312,35,0
2026.05.06 10:09:00,4697.5,4698.31,4695.88,4696.4,318,35,0
2026.05.06 10:10:00,4696.58,4698.61,4695.9,4698.47,309,35,0
2026.05.06 10:11:00,4698.44,4699.27,4697.53,4697.93,311,35,0
2026.05.06 10:12:00,4697.89,4698.15,4696.68,4697.39,272,35,0
2026.05.06 10:13:00,4697.13,4700.15,4697.13,4698.11,301,35,0
2026.05.06 10:14:00,4698.11,4699.04,4698.05,4698.12,268,35,0
2026.05.06 10:15:00,4698.11,4698.47,4696.89,4697.11,258,35,0
2026.05.06 10:16:00,4697.11,4699.44,4695.32,4698.43,292,35,0
2026.05.06 10:17:00,4698.43,4699.17,4697.71,4699.1,253,35,0
2026.05.06 10:18:00,4699.11,4701.0,4698.93,4699.96,348,35,0
2026.05.06 10:19:00,4699.97,4700.57,4698.19,4698.57,295,35,0
2026.05.06 10:20:00,4698.57,4699.21,4697.89,4697.93,268,35,0
2026.05.06 10:21:00,4697.97,4698.4,4697.43,4697.71,225,35,0
2026.05.06 10:22:00,4697.69,4699.53,4697.69,4698.77,266,35,0
2026.05.06 10:23:00,4698.78,4700.18,4698.47,4699.36,297,35,0
2026.05.06 10:24:00,4699.37,4701.9,4699.23,4701.04,283,35,0
2026.05.06 10:25:00,4701.05,4703.0,4700.94,4702.16,308,35,0
2026.05.06 10:26:00,4702.12,4702.97,4701.63,4701.77,296,35,0
2026.05.06 10:27:00,4701.81,4704.22,4701.65,4703.8,279,35,0
2026.05.06 10:28:00,4703.83,4704.57,4702.52,4703.22,309,35,0
2026.05.06 10:29:00,4703.23,4704.58,4702.24,4704.08,289,35,0
2026.05.06 10:30:00,4704.08,4712.08,4704.08,4711.18,455,35,0
2026.05.06 10:31:00,4711.16,4711.43,4706.68,4706.74,373,35,0
2026.05.06 10:32:00,4706.8,4709.47,4706.75,4708.61,345,35,0
2026.05.06 10:33:00,4708.61,4711.43,4708.61,4710.8,330,35,0
2026.05.06 10:34:00,4710.78,4711.39,4708.86,4709.16,337,35,0
2026.05.06 10:35:00,4709.64,4710.83,4708.6,4708.75,325,35,0
2026.05.06 10:36:00,4708.85,4710.92,4708.2,4708.88,377,35,0
2026.05.06 10:37:00,4708.87,4710.12,4707.91,4708.93,293,35,0
2026.05.06 10:38:00,4708.83,4709.67,4708.1,4708.19,268,35,0
2026.05.06 10:39:00,4708.2,4710.27,4708.0,4710.06,283,35,0
2026.05.06 10:40:00,4710.14,4712.18,4709.81,4711.73,308,35,0
2026.05.06 10:41:00,4711.8,4715.24,4711.34,4711.43,418,35,0
2026.05.06 10:42:00,4711.26,4713.3,4710.33,4712.62,394,35,0
2026.05.06 10:43:00,4712.66,4714.91,4711.56,4713.85,373,35,0
2026.05.06 10:44:00,4713.85,4715.98,4713.53,4713.98,388,35,0
2026.05.06 10:45:00,4714.04,4715.41,4713.16,4713.63,396,35,0
2026.05.06 10:46:00,4713.61,4714.38,4710.89,4714.25,400,35,0
2026.05.06 10:47:00,4714.4,4715.31,4712.96,4713.23,356,35,0
2026.05.06 10:48:00,4713.15,4713.32,4709.68,4712.09,343,35,0
2026.05.06 10:49:00,4712.28,4714.57,4707.2,4710.58,434,35,0
2026.05.06 10:50:00,4710.71,4714.75,4710.58,4714.36,403,35,0
2026.05.06 10:51:00,4714.36,4714.72,4710.32,4710.35,377,35,0
2026.05.06 10:52:00,4710.45,4713.2,4710.0,4712.6,342,35,0
2026.05.06 10:53:00,4712.72,4716.66,4712.2,4716.64,454,35,0
2026.05.06 10:54:00,4716.64,4722.52,4716.64,4721.75,456,35,0
2026.05.06 10:55:00,4721.74,4721.8,4718.13,4719.7,423,35,0
2026.05.06 10:56:00,4719.73,4720.76,4716.42,4716.86,392,35,0
2026.05.06 10:57:00,4716.76,4719.73,4715.93,4719.66,415,35,0
2026.05.06 10:58:00,4719.58,4719.81,4717.98,4718.1,342,35,0
2026.05.06 10:59:00,4718.16,4720.0,4717.93,4717.93,316,35,0
2026.05.06 11:00:00,4717.93,4720.45,4717.18,4719.25,379,35,0
2026.05.06 11:01:00,4719.36,4719.42,4715.03,4716.84,437,35,0
2026.05.06 11:02:00,4716.85,4717.01,4713.13,4713.29,439,35,0
2026.05.06 11:03:00,4713.22,4714.22,4711.42,4712.26,386,35,0
2026.05.06 11:04:00,4712.26,4713.83,4711.61,4713.49,340,35,0
2026.05.06 11:05:00,4713.52,4715.56,4713.19,4715.56,333,35,0
2026.05.06 11:06:00,4715.56,4718.18,4715.06,4716.8,404,35,0
2026.05.06 11:07:00,4716.8,4717.05,4716.07,4716.55,300,35,0
2026.05.06 11:08:00,4716.58,4718.34,4715.94,4717.97,346,35,0
2026.05.06 11:09:00,4717.97,4721.19,4717.85,4719.88,383,35,0
2026.05.06 11:10:00,4719.89,4720.48,4718.17,4718.51,341,35,0
2026.05.06 11:11:00,4718.55,4718.98,4716.99,4717.85,331,35,0
2026.05.06 11:12:00,4717.86,4718.36,4709.64,4710.37,456,35,0
2026.05.06 11:13:00,4710.41,4713.45,4709.24,4712.0,400,35,0
2026.05.06 11:14:00,4712.02,4713.61,4711.31,4711.87,325,35,0
2026.05.06 11:15:00,4711.94,4713.52,4711.45,4712.29,334,35,0
2026.05.06 11:16:00,4712.28,4712.28,4709.21,4710.79,383,35,0
2026.05.06 11:17:00,4710.71,4712.45,4709.66,4711.89,330,35,0
2026.05.06 11:18:00,4711.82,4713.05,4710.64,4711.17,367,35,0
2026.05.06 11:19:00,4711.19,4713.59,4711.11,4712.0,344,35,0
2026.05.06 11:20:00,4712.0,4712.8,4710.48,4711.08,324,35,0
2026.05.06 11:21:00,4711.09,4711.83,4710.29,4711.56,293,35,0
2026.05.06 11:22:00,4711.64,4711.76,4709.85,4710.59,269,35,0
2026.05.06 11:23:00,4710.59,4711.43,4709.64,4709.79,304,35,0
2026.05.06 11:24:00,4710.02,4710.29,4708.83,4709.95,337,35,0
2026.05.06 11:25:00,4709.95,4712.37,4709.55,4710.94,341,35,0
2026.05.06 11:26:00,4710.99,4712.39,4710.74,4711.47,314,35,0
2026.05.06 11:27:00,4711.47,4711.81,4709.35,4710.17,292,35,0
2026.05.06 11:28:00,4710.18,4710.41,4707.82,4708.68,277,35,0
2026.05.06 11:29:00,4708.71,4709.07,4705.41,4705.44,343,35,0
2026.05.06 11:30:00,4705.31,4706.47,4704.62,4704.65,346,35,0
2026.05.06 11:31:00,4704.64,4708.22,4704.23,4708.11,347,35,0
2026.05.06 11:32:00,4708.11,4710.46,4708.11,4709.13,339,35,0
2026.05.06 11:33:00,4709.04,4712.12,4708.99,4712.11,344,35,0
2026.05.06 11:34:00,4712.14,4715.38,4711.77,4713.6,380,35,0
2026.05.06 11:35:00,4713.57,4714.25,4712.76,4713.64,347,35,0
2026.05.06 11:36:00,4713.64,4714.49,4712.61,4712.87,264,35,0
2026.05.06 11:37:00,4712.9,4714.9,4712.37,4714.14,294,35,0
2026.05.06 11:38:00,4714.13,4714.92,4712.65,4712.76,279,35,0
2026.05.06 11:39:00,4712.7,4712.76,4709.47,4710.11,301,35,0
2026.05.06 11:40:00,4710.08,4711.41,4708.06,4708.19,303,35,0
2026.05.06 11:41:00,4708.19,4709.89,4703.04,4707.53,434,35,0
2026.05.06 11:42:00,4707.52,4708.11,4703.71,4703.94,404,35,0
2026.05.06 11:43:00,4704.04,4704.04,4698.71,4702.3,455,35,0
2026.05.06 11:44:00,4702.3,4702.6,4698.7,4699.46,414,35,0
2026.05.06 11:45:00,4699.47,4701.25,4698.55,4700.25,388,35,0
2026.05.06 11:46:00,4700.34,4701.01,4698.39,4699.59,395,35,0
2026.05.06 11:47:00,4699.7,4702.62,4699.68,4701.32,330,35,0
2026.05.06 11:48:00,4701.21,4701.21,4696.97,4699.58,390,35,0
2026.05.06 11:49:00,4699.58,4699.85,4696.88,4697.44,355,35,0
2026.05.06 11:50:00,4697.78,4700.45,4696.95,4699.07,376,35,0
2026.05.06 11:51:00,4699.07,4700.2,4696.82,4698.93,387,35,0
2026.05.06 11:52:00,4698.92,4699.75,4698.29,4699.16,342,35,0
2026.05.06 11:53:00,4699.15,4699.42,4697.34,4697.74,335,35,0
2026.05.06 11:54:00,4697.56,4698.41,4696.12,4697.6,349,35,0
2026.05.06 11:55:00,4697.72,4697.86,4695.76,4696.05,281,35,0
2026.05.06 11:56:00,4696.07,4697.38,4694.3,4694.93,355,35,0
2026.05.06 11:57:00,4694.85,4694.92,4691.62,4692.9,399,35,0
2026.05.06 11:58:00,4692.89,4694.57,4691.35,4691.56,354,35,0
2026.05.06 11:59:00,4691.54,4693.43,4690.58,4691.88,367,35,0
2026.05.06 12:00:00,4691.83,4692.9,4689.77,4691.27,396,35,0
2026.05.06 12:01:00,4691.27,4692.19,4684.43,4688.97,465,35,0
2026.05.06 12:02:00,4688.95,4689.05,4685.8,4685.8,404,35,0
2026.05.06 12:03:00,4685.78,4686.29,4681.26,4682.59,444,35,0
2026.05.06 12:04:00,4682.59,4686.34,4681.99,4685.45,407,35,0
2026.05.06 12:05:00,4685.53,4687.3,4682.91,4686.99,411,35,0
2026.05.06 12:06:00,4686.48,4686.54,4679.81,4682.61,479,35,0
2026.05.06 12:07:00,4682.59,4685.04,4681.15,4684.07,391,35,0
2026.05.06 12:08:00,4684.0,4685.8,4682.39,4683.71,374,35,0
2026.05.06 12:09:00,4683.67,4684.31,4681.95,4682.45,363,35,0
2026.05.06 12:10:00,4682.41,4682.41,4676.17,4676.7,417,35,0
2026.05.06 12:11:00,4676.64,4680.82,4676.64,4679.1,386,35,0
2026.05.06 12:12:00,4679.07,4680.37,4677.52,4678.6,352,35,0
2026.05.06 12:13:00,4678.58,4678.65,4673.9,4676.49,376,35,0
2026.05.06 12:14:00,4676.68,4678.28,4670.8,4673.11,440,35,0
2026.05.06 12:15:00,4673.12,4674.92,4665.22,4674.51,525,35,0
2026.05.06 12:16:00,4674.62,4676.93,4673.19,4673.68,449,35,0
2026.05.06 12:17:00,4673.69,4673.69,4668.51,4672.35,406,35,0
2026.05.06 12:18:00,4672.33,4672.35,4664.42,4664.56,426,35,0
2026.05.06 12:19:00,4664.12,4670.6,4660.69,4670.24,507,35,0
2026.05.06 12:20:00,4670.33,4676.04,4669.11,4673.67,476,35,0
2026.05.06 12:21:00,4673.63,4679.16,4673.62,4677.07,471,35,0
2026.05.06 12:22:00,4677.07,4679.15,4675.82,4677.64,395,35,0
2026.05.06 12:23:00,4677.64,4681.42,4675.86,4681.42,364,35,0
2026.05.06 12:24:00,4681.48,4683.78,4681.32,4682.72,430,35,0
2026.05.06 12:25:00,4682.73,4685.54,4682.38,4683.79,429,35,0
2026.05.06 12:26:00,4683.67,4684.63,4682.17,4684.33,349,35,0
2026.05.06 12:27:00,4684.53,4686.21,4683.4,4685.86,355,35,0
2026.05.06 12:28:00,4685.81,4688.61,4685.39,4687.09,404,35,0
2026.05.06 12:29:00,4687.06,4687.07,4682.96,4683.32,359,35,0
2026.05.06 12:30:00,4683.69,4685.25,4678.05,4679.15,401,35,0
2026.05.06 12:31:00,4679.23,4685.24,4678.51,4685.08,383,35,0
2026.05.06 12:32:00,4685.08,4685.41,4681.56,4682.65,375,35,0
2026.05.06 12:33:00,4682.64,4682.93,4680.57,4681.64,330,35,0
2026.05.06 12:34:00,4681.62,4683.69,4680.84,4683.53,307,35,0
2026.05.06 12:35:00,4683.53,4684.09,4681.36,4682.84,330,35,0
2026.05.06 12:36:00,4682.84,4683.39,4681.76,4683.25,278,35,0
2026.05.06 12:37:00,4683.18,4683.18,4679.04,4679.37,348,35,0
2026.05.06 12:38:00,4679.37,4681.62,4678.95,4679.87,376,35,0
2026.05.06 12:39:00,4679.92,4681.22,4679.82,4680.29,304,35,0
2026.05.06 12:40:00,4680.23,4682.97,4679.88,4680.79,380,35,0
2026.05.06 12:41:00,4680.83,4682.91,4679.98,4682.73,311,35,0
2026.05.06 12:42:00,4682.74,4683.42,4680.49,4681.14,343,35,0
2026.05.06 12:43:00,4681.08,4682.85,4679.17,4679.67,321,35,0
2026.05.06 12:44:00,4679.68,4683.46,4679.68,4682.59,300,35,0
2026.05.06 12:45:00,4682.59,4684.24,4681.8,4683.79,271,35,0
2026.05.06 12:46:00,4683.79,4684.47,4682.27,4682.36,304,35,0
2026.05.06 12:47:00,4682.45,4684.49,4681.43,4684.49,307,35,0
2026.05.06 12:48:00,4684.36,4684.4,4679.06,4679.5,329,35,0
2026.05.06 12:49:00,4679.49,4681.09,4678.93,4681.09,304,35,0
2026.05.06 12:50:00,4681.08,4681.3,4678.77,4680.26,293,35,0
2026.05.06 12:51:00,4680.17,4680.89,4677.97,4680.54,315,35,0
2026.05.06 12:52:00,4680.53,4681.29,4679.2,4680.8,299,35,0
2026.05.06 12:53:00,4680.8,4681.35,4679.57,4680.57,273,35,0
2026.05.06 12:54:00,4680.54,4681.02,4676.63,4677.25,367,35,0
2026.05.06 12:55:00,4677.3,4679.73,4677.08,4679.11,350,35,0
2026.05.06 12:56:00,4679.1,4679.9,4678.44,4678.5,284,35,0
2026.05.06 12:57:00,4678.54,4679.11,4676.8,4676.92,309,35,0
2026.05.06 12:58:00,4676.91,4680.35,4676.85,4679.25,331,35,0
2026.05.06 12:59:00,4679.26,4683.63,4679.26,4683.12,360,35,0
2026.05.06 13:00:00,4683.09,4684.85,4677.23,4684.85,471,35,0
2026.05.06 13:01:00,4685.1,4692.2,4684.78,4691.33,497,35,0
2026.05.06 13:02:00,4691.41,4691.41,4688.62,4689.38,397,35,0
2026.05.06 13:03:00,4689.36,4690.21,4687.98,4689.91,370,35,0
2026.05.06 13:04:00,4689.93,4691.84,4681.76,4682.76,387,35,0
2026.05.06 13:05:00,4682.9,4685.63,4678.1,4684.62,534,35,0
2026.05.06 13:06:00,4684.65,4684.68,4677.51,4680.12,472,35,0
2026.05.06 13:07:00,4680.16,4682.01,4677.25,4677.7,459,35,0
2026.05.06 13:08:00,4677.65,4677.72,4669.59,4674.23,527,35,0
2026.05.06 13:09:00,4673.81,4674.02,4668.79,4673.15,458,35,0
2026.05.06 13:10:00,4673.93,4676.51,4672.14,4676.21,391,35,0
2026.05.06 13:11:00,4676.21,4680.0,4675.2,4678.7,411,35,0
2026.05.06 13:12:00,4678.67,4680.92,4678.3,4680.1,366,35,0
2026.05.06 13:13:00,4680.06,4680.21,4677.36,4679.45,349,35,0
2026.05.06 13:14:00,4679.31,4683.57,4678.87,4683.51,364,35,0
2026.05.06 13:15:00,4683.5,4691.06,4682.76,4686.93,423,35,0
2026.05.06 13:16:00,4687.0,4687.14,4684.22,4685.98,377,35,0
2026.05.06 13:17:00,4685.97,4687.14,4684.84,4685.38,336,35,0
2026.05.06 13:18:00,4685.37,4685.81,4682.9,4684.49,353,35,0
2026.05.06 13:19:00,4683.6,4685.65,4682.83,4682.83,320,35,0
2026.05.06 13:20:00,4682.85,4683.71,4679.78,4682.21,419,35,0
2026.05.06 13:21:00,4682.11,4685.42,4682.11,4683.85,366,35,0
2026.05.06 13:22:00,4683.84,4684.41,4681.45,4683.16,325,35,0
2026.05.06 13:23:00,4683.05,4684.84,4681.81,4684.24,324,35,0
2026.05.06 13:24:00,4684.24,4685.75,4682.63,4685.37,323,35,0
2026.05.06 13:25:00,4685.38,4685.91,4683.34,4684.54,315,35,0
2026.05.06 13:26:00,4684.52,4684.82,4682.48,4682.68,288,35,0
2026.05.06 13:27:00,4682.68,4686.1,4682.5,4685.18,345,35,0
2026.05.06 13:28:00,4685.18,4686.41,4684.45,4685.33,329,35,0
2026.05.06 13:29:00,4684.9,4686.56,4683.85,4685.27,337,35,0
2026.05.06 13:30:00,4685.26,4685.88,4680.19,4682.41,506,35,0
2026.05.06 13:31:00,4682.39,4687.96,4682.39,4687.29,499,35,0
2026.05.06 13:32:00,4687.32,4692.85,4687.32,4689.58,476,35,0
2026.05.06 13:33:00,4689.59,4694.51,4688.02,4694.51,496,35,0
2026.05.06 13:34:00,4694.73,4698.52,4691.98,4697.66,495,35,0
2026.05.06 13:35:00,4697.63,4699.17,4695.16,4696.07,462,35,0
2026.05.06 13:36:00,4696.09,4697.29,4693.09,4696.8,482,35,0
2026.05.06 13:37:00,4696.8,4698.28,4694.61,4696.0,531,35,0
2026.05.06 13:38:00,4695.87,4698.41,4694.94,4697.79,460,35,0
2026.05.06 13:39:00,4697.78,4698.23,4693.63,4694.04,454,35,0
2026.05.06 13:40:00,4694.04,4698.48,4694.04,4697.37,439,35,0
2026.05.06 13:41:00,4697.43,4697.44,4693.97,4694.33,453,35,0
2026.05.06 13:42:00,4694.45,4696.33,4693.55,4694.62,448,35,0
2026.05.06 13:43:00,4694.62,4695.58,4693.13,4694.43,453,35,0
2026.05.06 13:44:00,4694.44,4696.61,4694.08,4695.3,401,35,0
2026.05.06 13:45:00,4695.3,4696.83,4692.82,4693.88,470,35,0
2026.05.06 13:46:00,4693.91,4694.5,4692.49,4692.91,433,35,0
2026.05.06 13:47:00,4693.05,4696.79,4692.74,4696.62,425,35,0
2026.05.06 13:48:00,4696.57,4698.95,4696.47,4697.69,433,35,0
2026.05.06 13:49:00,4697.7,4701.28,4697.7,4700.71,422,35,0
2026.05.06 13:50:00,4700.81,4700.81,4694.78,4695.07,438,35,0
2026.05.06 13:51:00,4695.26,4699.68,4693.79,4698.55,430,35,0
2026.05.06 13:52:00,4698.74,4700.13,4696.48,4697.66,432,35,0
2026.05.06 13:53:00,4697.69,4703.89,4697.48,4702.92,446,35,0
2026.05.06 13:54:00,4702.93,4707.92,4702.57,4703.67,475,35,0
2026.05.06 13:55:00,4703.68,4706.1,4702.69,4704.4,431,35,0
2026.05.06 13:56:00,4704.55,4705.33,4703.21,4704.03,443,35,0
2026.05.06 13:57:00,4703.99,4705.82,4703.26,4704.48,410,35,0
2026.05.06 13:58:00,4704.5,4705.3,4702.63,4704.29,444,35,0
2026.05.06 13:59:00,4704.37,4706.08,4701.57,4702.09,409,35,0
2026.05.06 14:00:00,4702.17,4707.41,4700.96,4707.03,483,35,0
2026.05.06 14:01:00,4706.91,4710.04,4704.98,4708.61,464,35,0
2026.05.06 14:02:00,4708.76,4709.17,4705.44,4706.41,494,35,0
2026.05.06 14:03:00,4706.39,4707.48,4703.92,4704.57,492,35,0
2026.05.06 14:04:00,4704.6,4707.17,4704.3,4705.8,425,35,0
2026.05.06 14:05:00,4705.83,4709.1,4705.49,4708.35,467,35,0
2026.05.06 14:06:00,4708.39,4708.9,4700.33,4701.67,532,35,0
2026.05.06 14:07:00,4701.47,4705.86,4697.92,4704.74,513,35,0
2026.05.06 14:08:00,4704.8,4704.86,4702.1,4704.76,469,35,0
2026.05.06 14:09:00,4704.76,4709.07,4703.94,4707.79,422,35,0
2026.05.06 14:10:00,4707.74,4708.89,4706.19,4707.02,456,35,0
2026.05.06 14:11:00,4706.98,4708.47,4706.83,4708.33,366,35,0
2026.05.06 14:12:00,4708.32,4711.16,4708.18,4708.93,470,35,0
2026.05.06 14:13:00,4708.89,4712.52,4708.6,4710.54,466,35,0
2026.05.06 14:14:00,4710.54,4712.21,4710.14,4710.86,414,35,0
2026.05.06 14:15:00,4710.89,4717.47,4710.83,4716.84,479,35,0
2026.05.06 14:16:00,4716.61,4716.71,4714.51,4714.91,467,35,0
2026.05.06 14:17:00,4715.07,4716.33,4712.18,4713.74,444,35,0
2026.05.06 14:18:00,4713.81,4714.62,4711.92,4713.7,449,35,0
2026.05.06 14:19:00,4713.66,4715.13,4712.65,4712.87,428,35,0
2026.05.06 14:20:00,4713.05,4713.39,4711.82,4712.75,416,35,0
2026.05.06 14:21:00,4712.75,4715.31,4712.66,4714.14,375,35,0
2026.05.06 14:22:00,4714.15,4714.32,4710.68,4710.68,402,35,0
2026.05.06 14:23:00,4710.68,4712.01,4709.89,4711.44,416,35,0
2026.05.06 14:24:00,4711.7,4711.85,4708.53,4709.07,399,35,0
2026.05.06 14:25:00,4709.1,4712.26,4708.82,4710.96,415,35,0
2026.05.06 14:26:00,4710.76,4712.76,4709.08,4709.11,435,35,0
2026.05.06 14:27:00,4709.11,4710.16,4707.38,4708.09,427,35,0
2026.05.06 14:28:00,4708.03,4708.86,4707.27,4708.24,368,35,0
2026.05.06 14:29:00,4708.24,4708.84,4704.76,4705.73,405,35,0
2026.05.06 14:30:00,4705.95,4707.42,4704.53,4706.89,449,35,0
2026.05.06 14:31:00,4706.84,4708.22,4705.96,4708.13,404,35,0
2026.05.06 14:32:00,4708.17,4709.77,4706.44,4707.38,376,35,0
2026.05.06 14:33:00,4707.39,4708.19,4705.07,4705.71,383,35,0
2026.05.06 14:34:00,4705.71,4707.54,4705.47,4706.72,349,35,0
2026.05.06 14:35:00,4706.7,4707.13,4705.12,4705.99,358,35,0
2026.05.06 14:36:00,4705.94,4709.01,4704.91,4708.41,381,35,0
2026.05.06 14:37:00,4708.39,4708.39,4706.72,4707.67,388,35,0
2026.05.06 14:38:00,4707.58,4709.78,4707.56,4709.23,339,35,0
2026.05.06 14:39:00,4709.05,4709.11,4707.82,4708.23,411,35,0
2026.05.06 14:40:00,4708.25,4709.76,4708.14,4709.71,379,35,0
2026.05.06 14:41:00,4709.79,4709.82,4706.89,4708.1,425,35,0
2026.05.06 14:42:00,4708.17,4712.36,4706.04,4712.22,457,35,0
2026.05.06 14:43:00,4712.31,4714.42,4709.99,4710.19,508,35,0
2026.05.06 14:44:00,4710.39,4713.29,4709.09,4713.07,448,35,0
2026.05.06 14:45:00,4713.13,4713.88,4708.14,4708.45,445,35,0
2026.05.06 14:46:00,4708.55,4710.54,4707.7,4708.99,439,35,0
2026.05.06 14:47:00,4709.01,4710.12,4708.27,4708.41,379,35,0
2026.05.06 14:48:00,4708.41,4710.18,4707.36,4707.81,393,35,0
2026.05.06 14:49:00,4707.81,4707.91,4704.9,4705.95,433,35,0
2026.05.06 14:50:00,4706.06,4707.04,4703.1,4703.47,427,35,0
2026.05.06 14:51:00,4703.4,4704.31,4702.45,4703.48,424,35,0
2026.05.06 14:52:00,4703.47,4704.66,4701.59,4703.66,448,35,0
2026.05.06 14:53:00,4703.69,4705.03,4703.49,4704.51,393,35,0
2026.05.06 14:54:00,4704.56,4704.8,4700.76,4701.33,416,35,0
2026.05.06 14:55:00,4701.33,4704.29,4701.33,4704.21,378,35,0
2026.05.06 14:56:00,4704.51,4706.81,4703.92,4704.13,382,35,0
2026.05.06 14:57:00,4704.16,4705.35,4702.96,4703.33,366,35,0
2026.05.06 14:58:00,4703.34,4704.17,4702.0,4703.42,354,35,0
2026.05.06 14:59:00,4703.41,4704.0,4701.96,4702.81,354,35,0
2026.05.06 15:00:00,4702.78,4703.82,4702.15,4702.97,392,35,0
2026.05.06 15:01:00,4702.83,4704.74,4702.48,4703.38,381,35,0
2026.05.06 15:02:00,4703.37,4703.44,4700.45,4702.17,402,35,0
2026.05.06 15:03:00,4702.16,4703.74,4701.23,4703.32,417,35,0
2026.05.06 15:04:00,4703.1,4705.73,4702.82,4705.72,373,35,0
2026.05.06 15:05:00,4705.65,4705.74,4701.52,4701.7,334,35,0
2026.05.06 15:06:00,4701.67,4702.84,4700.75,4701.96,367,35,0
2026.05.06 15:07:00,4701.74,4702.09,4699.1,4701.0,365,35,0
2026.05.06 15:08:00,4701.02,4702.64,4698.45,4699.52,380,35,0
2026.05.06 15:09:00,4699.57,4700.78,4697.48,4698.74,430,35,0
2026.05.06 15:10:00,4698.7,4700.52,4698.23,4698.64,372,35,0
2026.05.06 15:11:00,4698.64,4699.84,4698.43,4698.71,385,35,0
2026.05.06 15:12:00,4698.71,4699.14,4696.78,4696.93,379,35,0
2026.05.06 15:13:00,4696.96,4697.61,4693.3,4694.72,410,35,0
2026.05.06 15:14:00,4694.72,4697.13,4693.9,4696.59,384,35,0
2026.05.06 15:15:00,4696.58,4697.01,4694.14,4695.98,377,35,0
2026.05.06 15:16:00,4695.99,4698.62,4695.82,4698.29,355,35,0
2026.05.06 15:17:00,4698.25,4699.48,4698.06,4699.35,377,35,0
2026.05.06 15:18:00,4699.4,4699.96,4697.6,4698.99,380,35,0
2026.05.06 15:19:00,4698.99,4701.45,4698.5,4701.45,332,35,0
2026.05.06 15:20:00,4701.46,4703.11,4700.85,4702.93,390,35,0
2026.05.06 15:21:00,4702.99,4703.19,4701.41,4701.41,328,35,0
2026.05.06 15:22:00,4701.39,4701.6,4698.6,4698.74,347,35,0
2026.05.06 15:23:00,4698.76,4700.13,4698.76,4699.62,321,35,0
2026.05.06 15:24:00,4699.6,4700.09,4698.52,4698.84,284,35,0
2026.05.06 15:25:00,4698.85,4698.89,4696.49,4697.72,345,35,0
2026.05.06 15:26:00,4697.71,4698.49,4696.73,4696.74,313,35,0
2026.05.06 15:27:00,4696.84,4698.58,4696.49,4697.94,316,35,0
2026.05.06 15:28:00,4698.01,4698.07,4696.8,4697.3,302,35,0
2026.05.06 15:29:00,4697.3,4697.3,4695.15,4695.43,327,35,0
2026.05.06 15:30:00,4695.47,4697.86,4695.19,4695.21,397,35,0
2026.05.06 15:31:00,4695.33,4696.01,4694.24,4694.52,329,35,0
2026.05.06 15:32:00,4694.52,4696.25,4694.42,4695.42,309,35,0
2026.05.06 15:33:00,4695.47,4696.04,4694.38,4694.95,326,35,0
2026.05.06 15:34:00,4694.88,4694.92,4693.27,4694.36,346,35,0
2026.05.06 15:35:00,4694.36,4694.76,4692.12,4693.54,366,35,0
2026.05.06 15:36:00,4693.56,4695.64,4693.44,4694.92,331,35,0
2026.05.06 15:37:00,4694.94,4694.98,4692.64,4692.64,283,35,0
2026.05.06 15:38:00,4692.63,4694.62,4692.58,4693.39,337,35,0
2026.05.06 15:39:00,4693.4,4693.59,4691.35,4692.0,332,35,0
2026.05.06 15:40:00,4691.95,4692.49,4690.75,4691.42,287,35,0
2026.05.06 15:41:00,4691.58,4692.35,4691.04,4691.89,303,35,0
2026.05.06 15:42:00,4691.88,4691.88,4690.22,4690.88,331,35,0
2026.05.06 15:43:00,4690.87,4691.22,4689.31,4690.07,340,35,0
2026.05.06 15:44:00,4690.17,4694.14,4689.87,4692.7,329,35,0
2026.05.06 15:45:00,4692.7,4693.74,4690.87,4692.97,414,35,0
2026.05.06 15:46:00,4692.98,4694.32,4692.59,4694.18,325,35,0
2026.05.06 15:47:00,4694.2,4694.82,4692.66,4693.51,347,35,0
2026.05.06 15:48:00,4693.53,4694.31,4692.43,4692.86,346,35,0
2026.05.06 15:49:00,4692.66,4693.5,4692.1,4692.96,297,35,0
2026.05.06 15:50:00,4692.96,4693.28,4690.83,4691.47,335,35,0
2026.05.06 15:51:00,4691.37,4692.19,4690.89,4691.3,331,35,0
2026.05.06 15:52:00,4691.31,4692.14,4691.0,4691.9,321,35,0
2026.05.06 15:53:00,4691.9,4693.97,4691.6,4692.8,326,35,0
2026.05.06 15:54:00,4692.81,4693.59,4692.25,4692.25,285,35,0
2026.05.06 15:55:00,4692.19,4693.24,4691.82,4692.27,329,35,0
2026.05.06 15:56:00,4692.22,4692.86,4691.71,4692.65,311,35,0
2026.05.06 15:57:00,4692.67,4693.66,4690.7,4691.07,286,35,0
2026.05.06 15:58:00,4691.1,4691.26,4690.15,4690.94,298,35,0
2026.05.06 15:59:00,4690.95,4690.95,4687.71,4687.76,322,35,0
2026.05.06 16:00:00,4687.56,4687.83,4684.93,4685.27,430,35,0
2026.05.06 16:01:00,4685.27,4686.19,4684.15,4684.58,392,35,0
2026.05.06 16:02:00,4684.34,4686.52,4683.63,4686.47,361,35,0
2026.05.06 16:03:00,4686.46,4686.82,4685.24,4685.95,368,35,0
2026.05.06 16:04:00,4685.95,4686.45,4685.17,4685.94,325,35,0
2026.05.06 16:05:00,4686.08,4688.43,4686.08,4687.87,335,35,0
2026.05.06 16:06:00,4687.87,4688.08,4682.66,4683.68,387,35,0
2026.05.06 16:07:00,4683.67,4683.71,4681.71,4683.23,409,35,0
2026.05.06 16:08:00,4683.23,4684.11,4681.13,4683.24,332,35,0
2026.05.06 16:09:00,4683.25,4683.66,4682.9,4683.21,306,35,0
2026.05.06 16:10:00,4683.31,4685.19,4682.87,4682.9,341,35,0
2026.05.06 16:11:00,4682.91,4683.75,4682.28,4682.48,318,35,0
2026.05.06 16:12:00,4682.56,4685.34,4682.12,4684.95,292,35,0
2026.05.06 16:13:00,4685.1,4685.35,4683.95,4684.59,317,35,0
2026.05.06 16:14:00,4684.59,4685.33,4683.43,4683.67,297,35,0
2026.05.06 16:15:00,4683.57,4684.26,4683.06,4684.18,294,35,0
2026.05.06 16:16:00,4684.18,4684.82,4682.59,4682.83,305,35,0
2026.05.06 16:17:00,4682.84,4685.21,4682.55,4684.45,333,35,0
2026.05.06 16:18:00,4684.53,4685.03,4683.91,4685.03,314,35,0
2026.05.06 16:19:00,4685.06,4685.76,4683.93,4684.37,320,35,0
2026.05.06 16:20:00,4684.53,4685.08,4682.7,4683.47,309,35,0
2026.05.06 16:21:00,4683.44,4684.43,4683.03,4683.63,320,35,0
2026.05.06 16:22:00,4683.51,4684.18,4682.91,4683.66,249,35,0
2026.05.06 16:23:00,4683.81,4684.1,4683.26,4683.35,229,35,0
2026.05.06 16:24:00,4683.26,4684.44,4682.84,4683.17,235,35,0
2026.05.06 16:25:00,4683.17,4686.18,4683.08,4686.04,269,35,0
2026.05.06 16:26:00,4686.04,4687.53,4686.0,4687.45,287,35,0
2026.05.06 16:27:00,4687.39,4688.2,4687.2,4687.43,274,35,0
2026.05.06 16:28:00,4687.45,4688.52,4687.06,4687.75,273,35,0
2026.05.06 16:29:00,4687.7,4688.27,4686.64,4688.27,250,35,0
2026.05.06 16:30:00,4688.25,4690.45,4687.98,4688.81,335,35,0
2026.05.06 16:31:00,4688.9,4689.75,4688.68,4689.73,223,35,0
2026.05.06 16:32:00,4689.72,4690.08,4688.63,4688.63,331,35,0
2026.05.06 16:33:00,4688.64,4689.3,4686.82,4687.01,345,35,0
2026.05.06 16:34:00,4687.2,4687.81,4685.36,4687.29,327,35,0
2026.05.06 16:35:00,4687.27,4688.3,4686.7,4686.92,266,35,0
2026.05.06 16:36:00,4686.92,4688.35,4686.09,4687.97,280,35,0
2026.05.06 16:37:00,4687.95,4689.4,4687.71,4688.96,217,35,0
2026.05.06 16:38:00,4688.92,4689.45,4688.23,4689.22,258,35,0
2026.05.06 16:39:00,4689.29,4689.85,4688.82,4689.42,263,35,0
2026.05.06 16:40:00,4689.42,4690.69,4689.41,4690.37,225,35,0
2026.05.06 16:41:00,4690.38,4691.87,4689.64,4691.65,289,35,0
2026.05.06 16:42:00,4691.5,4692.02,4690.89,4691.48,280,35,0
2026.05.06 16:43:00,4691.48,4691.48,4690.28,4690.41,239,35,0
2026.05.06 16:44:00,4690.41,4690.63,4688.56,4688.56,268,35,0
2026.05.06 16:45:00,4688.5,4689.92,4688.5,4689.28,292,35,0
2026.05.06 16:46:00,4689.28,4689.28,4687.62,4688.22,304,35,0
2026.05.06 16:47:00,4688.23,4688.45,4686.07,4687.32,316,35,0
2026.05.06 16:48:00,4687.31,4688.21,4687.13,4687.24,271,35,0
2026.05.06 16:49:00,4687.24,4688.5,4686.67,4687.95,295,35,0
2026.05.06 16:50:00,4687.95,4688.23,4686.93,4688.23,232,35,0
2026.05.06 16:51:00,4688.65,4688.72,4685.39,4685.53,280,35,0
2026.05.06 16:52:00,4685.53,4686.08,4683.36,4685.98,359,35,0
2026.05.06 16:53:00,4685.97,4686.67,4685.74,4686.33,259,35,0
2026.05.06 16:54:00,4686.7,4686.93,4684.15,4684.4,264,35,0
2026.05.06 16:55:00,4684.4,4684.79,4683.62,4684.23,271,35,0
2026.05.06 16:56:00,4684.22,4685.66,4683.96,4685.07,240,35,0
2026.05.06 16:57:00,4685.26,4685.92,4681.61,4682.73,295,35,0
2026.05.06 16:58:00,4682.59,4684.44,4679.62,4684.34,490,35,0
2026.05.06 16:59:00,4684.4,4684.41,4682.36,4682.7,371,35,0
2026.05.06 17:00:00,4682.7,4682.81,4679.64,4680.61,427,35,0
2026.05.06 17:01:00,4680.62,4682.48,4680.16,4682.47,359,42,0
2026.05.06 17:02:00,4682.47,4685.95,4682.47,4684.66,343,42,0
2026.05.06 17:03:00,4684.93,4685.45,4684.35,4684.63,308,42,0
2026.05.06 17:04:00,4684.63,4685.82,4683.75,4685.74,301,35,0
2026.05.06 17:05:00,4685.73,4686.37,4684.51,4686.23,310,42,0
2026.05.06 17:06:00,4686.35,4686.99,4686.0,4686.44,266,42,0
2026.05.06 17:07:00,4686.44,4688.0,4686.44,4687.47,265,42,0
2026.05.06 17:08:00,4687.51,4687.52,4685.88,4686.25,279,42,0
2026.05.06 17:09:00,4686.22,4686.67,4685.27,4686.08,262,42,0
2026.05.06 17:10:00,4686.06,4686.99,4685.96,4686.23,258,42,0
2026.05.06 17:11:00,4686.25,4686.6,4685.38,4685.63,236,42,0
2026.05.06 17:12:00,4685.6,4685.83,4684.96,4685.04,248,35,0
2026.05.06 17:13:00,4685.04,4685.72,4684.34,4685.59,271,35,0
2026.05.06 17:14:00,4685.58,4686.28,4684.86,4685.43,268,35,0
2026.05.06 17:15:00,4685.42,4686.07,4684.43,4684.97,217,42,0
2026.05.06 17:16:00,4684.9,4685.31,4684.07,4684.38,211,42,0
2026.05.06 17:17:00,4683.68,4685.02,4683.62,4684.35,260,42,0
2026.05.06 17:18:00,4684.36,4684.39,4682.37,4682.64,227,42,0
2026.05.06 17:19:00,4682.55,4682.91,4681.25,4681.36,267,35,0
2026.05.06 17:20:00,4681.33,4682.29,4680.45,4681.45,313,42,0
2026.05.06 17:21:00,4681.45,4682.02,4680.32,4681.2,315,42,0
2026.05.06 17:22:00,4681.2,4682.03,4680.38,4681.75,243,42,0
2026.05.06 17:23:00,4681.73,4683.29,4681.54,4683.06,270,42,0
2026.05.06 17:24:00,4682.95,4683.12,4680.75,4681.29,315,42,0
2026.05.06 17:25:00,4681.2,4681.48,4679.95,4681.37,308,42,0
2026.05.06 17:26:00,4681.3,4681.91,4680.71,4680.95,301,42,0
2026.05.06 17:27:00,4681.28,4682.52,4681.02,4682.22,284,42,0
2026.05.06 17:28:00,4682.22,4682.54,4681.62,4681.62,257,42,0
2026.05.06 17:29:00,4681.85,4684.56,4681.84,4682.96,396,42,0
2026.05.06 17:30:00,4682.92,4683.32,4681.37,4682.24,282,37,0
2026.05.06 17:31:00,4682.22,4683.33,4681.82,4681.99,227,42,0
2026.05.06 17:32:00,4681.95,4682.49,4681.02,4681.04,221,42,0
2026.05.06 17:33:00,4681.04,4682.66,4680.55,4682.08,256,42,0
2026.05.06 17:34:00,4682.14,4683.13,4681.84,4682.61,225,42,0
2026.05.06 17:35:00,4682.62,4682.62,4679.37,4679.64,269,42,0
2026.05.06 17:36:00,4679.55,4680.54,4679.41,4680.18,259,42,0
2026.05.06 17:37:00,4680.18,4681.25,4679.91,4679.99,209,42,0
2026.05.06 17:38:00,4679.97,4680.61,4679.51,4680.33,206,42,0
2026.05.06 17:39:00,4680.51,4680.53,4679.1,4679.34,242,42,0
2026.05.06 17:40:00,4679.34,4680.01,4678.83,4679.78,248,42,0
2026.05.06 17:41:00,4679.79,4680.84,4679.76,4680.76,210,42,0
2026.05.06 17:42:00,4680.85,4681.05,4679.7,4680.13,206,42,0
2026.05.06 17:43:00,4680.11,4680.85,4680.11,4680.24,189,42,0
2026.05.06 17:44:00,4680.32,4680.99,4680.15,4680.5,242,42,0
2026.05.06 17:45:00,4680.47,4681.82,4680.47,4681.08,271,42,0
2026.05.06 17:46:00,4681.08,4681.18,4680.37,4680.79,231,42,0
2026.05.06 17:47:00,4680.79,4682.15,4680.68,4681.23,218,42,0
2026.05.06 17:48:00,4681.23,4681.66,4680.74,4681.11,218,42,0
2026.05.06 17:49:00,4681.11,4681.89,4680.82,4680.84,188,42,0
2026.05.06 17:50:00,4680.67,4681.82,4680.65,4681.33,208,42,0
2026.05.06 17:51:00,4681.35,4681.56,4680.38,4681.03,192,42,0
2026.05.06 17:52:00,4681.01,4681.12,4680.3,4680.75,152,42,0
2026.05.06 17:53:00,4680.74,4681.36,4680.55,4680.68,214,42,0
2026.05.06 17:54:00,4680.66,4681.93,4680.61,4681.59,208,42,0
2026.05.06 17:55:00,4681.56,4683.03,4681.53,4682.38,239,42,0
2026.05.06 17:56:00,4682.4,4684.1,4682.4,4683.77,211,42,0
2026.05.06 17:57:00,4683.76,4684.38,4683.74,4684.02,247,42,0
2026.05.06 17:58:00,4683.86,4684.17,4682.97,4683.08,226,42,0
2026.05.06 17:59:00,4683.09,4684.1,4682.52,4684.0,212,42,0
2026.05.06 18:00:00,4684.02,4685.32,4683.95,4684.62,243,42,0
2026.05.06 18:01:00,4684.61,4684.62,4683.32,4683.91,244,42,0
2026.05.06 18:02:00,4683.9,4684.34,4681.98,4682.38,208,42,0
2026.05.06 18:03:00,4682.39,4682.99,4681.83,4682.25,220,42,0
2026.05.06 18:04:00,4682.25,4682.81,4682.12,4682.61,186,42,0
2026.05.06 18:05:00,4682.64,4684.91,4682.59,4684.28,223,42,0
2026.05.06 18:06:00,4684.35,4685.07,4683.87,4683.92,215,42,0
2026.05.06 18:07:00,4683.91,4684.17,4682.95,4683.47,214,42,0
2026.05.06 18:08:00,4683.48,4684.39,4683.48,4684.39,176,42,0
2026.05.06 18:09:00,4684.38,4685.56,4684.04,4685.46,198,42,0
2026.05.06 18:10:00,4685.45,4685.88,4684.6,4685.76,228,42,0
2026.05.06 18:11:00,4685.79,4686.82,4685.73,4686.58,250,42,0
2026.05.06 18:12:00,4686.58,4686.84,4685.71,4686.72,214,42,0
2026.05.06 18:13:00,4686.74,4687.43,4686.59,4687.05,207,42,0
2026.05.06 18:14:00,4687.05,4687.08,4686.37,4686.69,130,42,0
2026.05.06 18:15:00,4686.73,4687.62,4686.38,4687.45,235,42,0
2026.05.06 18:16:00,4687.46,4688.38,4687.13,4688.37,202,42,0
2026.05.06 18:17:00,4688.37,4689.09,4688.02,4688.19,223,42,0
2026.05.06 18:18:00,4688.21,4688.21,4687.13,4687.32,168,42,0
2026.05.06 18:19:00,4687.31,4688.52,4687.21,4688.37,165,42,0
2026.05.06 18:20:00,4688.5,4689.75,4688.41,4689.53,217,42,0
2026.05.06 18:21:00,4689.56,4690.41,4689.19,4690.07,187,42,0
2026.05.06 18:22:00,4690.07,4690.07,4688.23,4688.57,213,42,0
2026.05.06 18:23:00,4688.55,4689.9,4687.92,4689.41,252,42,0
2026.05.06 18:24:00,4689.41,4689.47,4687.2,4687.74,203,42,0
2026.05.06 18:25:00,4687.75,4688.57,4687.37,4687.95,260,42,0
2026.05.06 18:26:00,4687.93,4688.47,4687.23,4687.4,193,42,0
2026.05.06 18:27:00,4687.4,4688.75,4687.4,4687.88,198,42,0
2026.05.06 18:28:00,4687.9,4688.42,4687.73,4688.04,194,42,0
2026.05.06 18:29:00,4688.05,4688.83,4687.66,4687.66,162,42,0
2026.05.06 18:30:00,4687.95,4688.52,4686.71,4687.3,229,42,0
2026.05.06 18:31:00,4687.33,4688.46,4686.71,4688.1,239,42,0
2026.05.06 18:32:00,4688.1,4688.37,4687.33,4688.3,218,42,0
2026.05.06 18:33:00,4688.3,4688.55,4687.96,4688.37,198,42,0
2026.05.06 18:34:00,4688.37,4689.36,4687.98,4688.93,235,42,0
2026.05.06 18:35:00,4688.9,4690.2,4688.86,4689.81,234,42,0
2026.05.06 18:36:00,4689.82,4689.87,4688.92,4689.55,175,42,0
2026.05.06 18:37:00,4689.55,4690.26,4689.01,4689.33,194,42,0
2026.05.06 18:38:00,4689.36,4689.36,4688.04,4688.21,198,42,0
2026.05.06 18:39:00,4688.23,4688.78,4687.94,4688.15,179,42,0
2026.05.06 18:40:00,4688.15,4688.16,4686.65,4686.81,232,42,0
2026.05.06 18:41:00,4686.78,4686.78,4685.08,4685.32,228,42,0
2026.05.06 18:42:00,4685.35,4686.37,4685.11,4686.23,163,42,0
2026.05.06 18:43:00,4686.32,4687.26,4685.16,4687.07,202,42,0
2026.05.06 18:44:00,4687.13,4687.23,4686.08,4686.08,136,42,0
2026.05.06 18:45:00,4686.1,4687.56,4685.52,4687.51,205,42,0
2026.05.06 18:46:00,4687.52,4688.06,4686.49,4686.62,194,42,0
2026.05.06 18:47:00,4686.64,4687.31,4686.58,4687.23,207,42,0
2026.05.06 18:48:00,4687.24,4687.26,4686.57,4686.82,170,42,0
2026.05.06 18:49:00,4686.76,4687.26,4686.72,4686.97,196,42,0
2026.05.06 18:50:00,4686.95,4687.29,4686.18,4686.7,210,42,0
2026.05.06 18:51:00,4686.77,4687.56,4684.57,4685.57,275,42,0
2026.05.06 18:52:00,4685.64,4686.19,4684.85,4685.59,185,42,0
2026.05.06 18:53:00,4685.42,4686.0,4685.34,4685.76,172,42,0
2026.05.06 18:54:00,4685.76,4686.78,4685.64,4686.36,170,42,0
2026.05.06 18:55:00,4686.37,4686.96,4685.44,4685.5,166,42,0
2026.05.06 18:56:00,4685.49,4686.87,4685.29,4686.77,154,42,0
2026.05.06 18:57:00,4686.78,4687.6,4685.72,4685.96,237,42,0
2026.05.06 18:58:00,4686.0,4686.83,4685.75,4686.28,161,42,0
2026.05.06 18:59:00,4686.27,4686.35,4685.56,4685.94,200,42,0
2026.05.06 19:00:00,4685.94,4687.89,4685.9,4687.34,199,42,0
2026.05.06 19:01:00,4687.36,4687.8,4686.7,4687.58,202,42,0
2026.05.06 19:02:00,4687.6,4688.55,4687.59,4688.5,201,42,0
2026.05.06 19:03:00,4688.49,4691.69,4688.36,4691.48,272,42,0
2026.05.06 19:04:00,4691.53,4692.45,4690.86,4691.17,279,42,0
2026.05.06 19:05:00,4690.9,4692.3,4690.46,4692.12,201,42,0
2026.05.06 19:06:00,4692.12,4692.75,4690.93,4691.92,259,42,0
2026.05.06 19:07:00,4691.91,4692.84,4691.27,4692.64,237,42,0
2026.05.06 19:08:00,4692.64,4693.53,4692.33,4693.5,215,42,0
2026.05.06 19:09:00,4693.28,4694.56,4692.83,4694.24,222,42,0
2026.05.06 19:10:00,4694.23,4695.65,4693.67,4695.58,223,42,0
2026.05.06 19:11:00,4695.59,4695.59,4694.07,4694.42,216,42,0
2026.05.06 19:12:00,4694.41,4695.26,4694.26,4694.81,186,42,0
2026.05.06 19:13:00,4694.79,4695.03,4694.34,4694.34,117,42,0
2026.05.06 19:14:00,4694.34,4695.04,4694.34,4695.03,164,42,0
2026.05.06 19:15:00,4695.06,4697.83,4694.6,4697.48,241,42,0
2026.05.06 19:16:00,4697.4,4698.0,4695.31,4695.69,277,42,0
2026.05.06 19:17:00,4695.85,4696.46,4695.21,4696.24,241,42,0
2026.05.06 19:18:00,4696.23,4697.1,4696.03,4696.8,176,42,0
2026.05.06 19:19:00,4696.77,4696.83,4695.92,4696.49,175,42,0
2026.05.06 19:20:00,4696.48,4698.79,4696.45,4698.34,236,42,0
2026.05.06 19:21:00,4698.34,4699.31,4698.11,4698.62,209,42,0
2026.05.06 19:22:00,4698.55,4698.87,4698.15,4698.16,160,41,0
2026.05.06 19:23:00,4698.16,4698.45,4697.59,4697.66,162,42,0
2026.05.06 19:24:00,4697.71,4699.98,4697.65,4699.57,196,42,0
2026.05.06 19:25:00,4699.58,4699.77,4698.22,4698.73,252,42,0
2026.05.06 19:26:00,4698.73,4699.08,4698.23,4698.86,204,42,0
2026.05.06 19:27:00,4698.87,4698.88,4698.22,4698.45,160,42,0
2026.05.06 19:28:00,4698.51,4699.16,4698.23,4698.29,178,42,0
2026.05.06 19:29:00,4698.25,4698.46,4697.69,4698.3,176,42,0
2026.05.06 19:30:00,4698.3,4698.3,4695.39,4695.49,296,42,0
2026.05.06 19:31:00,4695.49,4698.12,4695.47,4697.79,268,42,0
2026.05.06 19:32:00,4697.78,4698.84,4697.78,4698.52,189,42,0
2026.05.06 19:33:00,4698.53,4698.86,4697.86,4698.27,165,42,0
2026.05.06 19:34:00,4698.21,4698.56,4696.95,4697.0,202,42,0
2026.05.06 19:35:00,4697.0,4698.53,4696.76,4697.82,254,42,0
2026.05.06 19:36:00,4697.83,4698.09,4696.98,4697.28,212,42,0
2026.05.06 19:37:00,4697.27,4697.43,4696.61,4696.99,179,42,0
2026.05.06 19:38:00,4696.98,4697.64,4696.18,4697.09,212,42,0
2026.05.06 19:39:00,4697.13,4697.63,4696.99,4697.34,162,42,0
2026.05.06 19:40:00,4697.35,4697.52,4695.87,4696.41,216,42,0
2026.05.06 19:41:00,4696.41,4696.49,4695.97,4695.97,153,42,0
2026.05.06 19:42:00,4695.97,4696.53,4695.97,4696.02,148,42,0
2026.05.06 19:43:00,4696.04,4696.61,4694.04,4694.73,271,42,0
2026.05.06 19:44:00,4694.7,4695.42,4693.71,4695.27,211,42,0
2026.05.06 19:45:00,4695.28,4696.9,4695.21,4696.6,206,42,0
2026.05.06 19:46:00,4696.52,4696.7,4695.29,4695.59,228,42,0
2026.05.06 19:47:00,4695.56,4696.14,4695.5,4695.8,168,42,0
2026.05.06 19:48:00,4695.83,4696.01,4695.39,4695.74,164,42,0
2026.05.06 19:49:00,4695.6,4695.73,4694.37,4694.72,239,42,0
2026.05.06 19:50:00,4694.71,4697.99,4694.71,4697.14,352,42,0
2026.05.06 19:51:00,4697.32,4697.41,4696.38,4696.51,221,42,0
2026.05.06 19:52:00,4696.5,4697.5,4696.43,4697.28,223,42,0
2026.05.06 19:53:00,4697.21,4698.02,4697.14,4697.69,259,42,0
2026.05.06 19:54:00,4697.6,4697.68,4696.51,4697.24,237,42,0
2026.05.06 19:55:00,4697.23,4697.63,4695.77,4696.3,246,42,0
2026.05.06 19:56:00,4696.3,4696.41,4695.37,4696.34,187,42,0
2026.05.06 19:57:00,4696.34,4696.5,4695.69,4695.86,201,42,0
2026.05.06 19:58:00,4695.85,4696.51,4695.36,4695.61,234,42,0
2026.05.06 19:59:00,4695.43,4695.74,4692.19,4692.2,334,42,0
2026.05.06 20:00:00,4692.24,4694.79,4692.24,4692.76,340,42,0
2026.05.06 20:01:00,4692.76,4694.49,4692.45,4693.69,213,42,0
2026.05.06 20:02:00,4693.68,4694.8,4693.15,4694.43,224,42,0
2026.05.06 20:03:00,4694.42,4695.16,4694.08,4694.71,152,42,0
2026.05.06 20:04:00,4694.72,4695.08,4694.03,4695.08,146,42,0
2026.05.06 20:05:00,4695.08,4695.98,4694.56,4694.7,181,42,0
2026.05.06 20:06:00,4694.67,4695.9,4694.62,4695.79,162,35,0
2026.05.06 20:07:00,4696.08,4697.16,4695.99,4696.38,168,42,0
2026.05.06 20:08:00,4696.38,4696.68,4695.87,4695.93,132,42,0
2026.05.06 20:09:00,4695.93,4696.55,4695.93,4696.48,109,42,0
2026.05.06 20:10:00,4696.46,4696.66,4696.03,4696.61,103,42,0
2026.05.06 20:11:00,4696.6,4698.49,4696.6,4697.78,165,42,0
2026.05.06 20:12:00,4697.71,4699.26,4697.71,4698.72,173,42,0
2026.05.06 20:13:00,4698.72,4699.12,4698.07,4698.67,164,42,0
2026.05.06 20:14:00,4698.67,4699.5,4698.51,4698.83,165,42,0
2026.05.06 20:15:00,4698.87,4699.0,4697.54,4697.97,173,42,0
2026.05.06 20:16:00,4697.87,4698.09,4697.07,4697.58,138,42,0
2026.05.06 20:17:00,4697.6,4698.63,4697.05,4698.6,135,42,0
2026.05.06 20:18:00,4698.62,4699.37,4698.4,4698.51,135,42,0
2026.05.06 20:19:00,4698.53,4698.62,4697.68,4697.97,99,42,0
2026.05.06 20:20:00,4697.97,4698.32,4697.92,4698.18,141,42,0
2026.05.06 20:21:00,4698.17,4698.23,4697.02,4697.06,180,42,0
2026.05.06 20:22:00,4697.09,4697.52,4696.34,4696.35,150,42,0
2026.05.06 20:23:00,4696.43,4696.52,4695.27,4695.87,165,42,0
2026.05.06 20:24:00,4695.85,4696.08,4693.93,4694.44,187,42,0
2026.05.06 20:25:00,4694.45,4694.67,4693.46,4694.1,144,42,0
2026.05.06 20:26:00,4694.04,4694.12,4692.99,4693.32,146,42,0
2026.05.06 20:27:00,4693.34,4694.12,4693.24,4693.51,100,42,0
2026.05.06 20:28:00,4693.51,4694.04,4692.82,4692.91,116,42,0
2026.05.06 20:29:00,4692.9,4692.98,4691.94,4692.68,139,42,0
2026.05.06 20:30:00,4692.7,4693.05,4692.4,4692.44,116,42,0
2026.05.06 20:31:00,4692.5,4692.5,4690.79,4691.14,128,42,0
2026.05.06 20:32:00,4691.15,4691.49,4690.19,4690.36,133,42,0
2026.05.06 20:33:00,4690.37,4691.16,4690.03,4690.47,127,42,0
2026.05.06 20:34:00,4690.52,4690.9,4690.01,4690.1,97,42,0
2026.05.06 20:35:00,4690.12,4690.67,4689.55,4689.91,140,42,0
2026.05.06 20:36:00,4689.87,4690.65,4689.67,4690.12,105,42,0
2026.05.06 20:37:00,4690.07,4691.19,4689.73,4691.13,148,42,0
2026.05.06 20:38:00,4691.15,4692.11,4691.12,4691.25,158,42,0
2026.05.06 20:39:00,4691.25,4691.32,4690.4,4690.67,88,42,0
2026.05.06 20:40:00,4690.47,4690.49,4689.71,4689.76,114,42,0
2026.05.06 20:41:00,4689.77,4689.84,4689.34,4689.44,135,42,0
2026.05.06 20:42:00,4689.43,4690.12,4689.01,4689.05,162,42,0
2026.05.06 20:43:00,4689.0,4690.59,4688.87,4689.99,126,42,0
2026.05.06 20:44:00,4689.98,4690.18,4688.55,4688.55,162,35,0
2026.05.06 20:45:00,4688.5,4689.37,4687.72,4689.37,178,42,0
2026.05.06 20:46:00,4689.5,4689.54,4686.56,4687.16,168,42,0
2026.05.06 20:47:00,4687.17,4687.17,4685.07,4685.29,207,42,0
2026.05.06 20:48:00,4685.29,4688.23,4685.21,4687.99,184,42,0
2026.05.06 20:49:00,4687.95,4689.51,4687.9,4689.32,176,42,0
2026.05.06 20:50:00,4689.32,4689.39,4687.78,4688.11,195,42,0
2026.05.06 20:51:00,4688.11,4689.67,4687.78,4689.67,169,42,0
2026.05.06 20:52:00,4689.69,4689.88,4689.14,4689.68,80,42,0
2026.05.06 20:53:00,4689.67,4690.41,4689.62,4689.87,111,42,0
2026.05.06 20:54:00,4689.88,4691.24,4688.83,4690.99,145,42,0
2026.05.06 20:55:00,4691.11,4691.24,4689.93,4691.03,161,42,0
2026.05.06 20:56:00,4691.02,4691.75,4691.02,4691.55,85,42,0
2026.05.06 20:57:00,4691.55,4691.64,4690.17,4690.58,89,42,0
2026.05.06 20:58:00,4690.49,4691.27,4690.4,4690.84,58,42,0
2026.05.06 22:01:00,4698.24,4698.24,4691.63,4693.7,217,42,0
2026.05.06 22:02:00,4693.72,4693.79,4691.25,4692.76,160,42,0
2026.05.06 22:03:00,4692.76,4692.82,4689.69,4689.97,169,42,0
2026.05.06 22:04:00,4689.65,4690.57,4689.23,4690.47,101,42,0
2026.05.06 22:05:00,4690.49,4692.66,4690.49,4691.58,180,42,0
2026.05.06 22:06:00,4691.55,4691.83,4690.71,4691.39,90,42,0
2026.05.06 22:07:00,4691.39,4692.56,4690.51,4692.33,125,42,0
2026.05.06 22:08:00,4692.26,4694.41,4692.11,4693.77,144,42,0
2026.05.06 22:09:00,4693.77,4694.78,4693.75,4694.26,159,42,0
2026.05.06 22:10:00,4694.26,4696.59,4693.21,4696.17,164,42,0
2026.05.06 22:11:00,4696.27,4698.08,4695.88,4696.8,211,42,0
2026.05.06 22:12:00,4696.8,4696.85,4695.57,4696.08,195,42,0
2026.05.06 22:13:00,4696.07,4697.54,4695.87,4697.13,174,42,0
2026.05.06 22:14:00,4697.38,4697.41,4696.29,4696.92,170,42,0
2026.05.06 22:15:00,4696.92,4698.22,4696.34,4698.13,158,42,0
2026.05.06 22:16:00,4698.12,4698.51,4697.51,4697.57,141,42,0
2026.05.06 22:17:00,4697.6,4698.32,4696.66,4698.07,196,42,0
2026.05.06 22:18:00,4698.06,4699.14,4697.89,4698.61,149,42,0
2026.05.06 22:19:00,4698.58,4699.66,4698.22,4699.3,194,42,0
2026.05.06 22:20:00,4699.25,4699.68,4698.37,4699.0,209,42,0
2026.05.06 22:21:00,4698.93,4699.88,4698.73,4699.25,132,42,0
2026.05.06 22:22:00,4699.38,4699.6,4697.79,4698.56,164,35,0
2026.05.06 22:23:00,4698.57,4698.82,4697.49,4697.66,153,42,0
2026.05.06 22:24:00,4697.62,4698.34,4697.11,4697.93,137,41,0
2026.05.06 22:25:00,4697.92,4698.55,4696.96,4697.1,140,41,0
2026.05.06 22:26:00,4697.15,4697.2,4695.54,4696.3,206,42,0
2026.05.06 22:27:00,4696.29,4697.0,4696.17,4696.84,126,42,0
2026.05.06 22:28:00,4696.83,4696.84,4693.3,4693.53,216,42,0
2026.05.06 22:29:00,4693.53,4695.96,4693.53,4695.45,176,42,0
2026.05.06 22:30:00,4695.44,4695.64,4694.32,4695.58,128,42,0
2026.05.06 22:31:00,4695.55,4696.81,4695.38,4696.78,149,42,0
2026.05.06 22:32:00,4696.78,4698.2,4696.75,4697.72,165,42,0
2026.05.06 22:33:00,4697.72,4697.85,4697.03,4697.85,101,42,0
2026.05.06 22:34:00,4697.74,4698.45,4697.25,4698.15,145,42,0
2026.05.06 22:35:00,4698.1,4698.4,4697.32,4697.36,144,42,0
2026.05.06 22:36:00,4697.36,4697.52,4696.42,4697.23,114,42,0
2026.05.06 22:37:00,4697.23,4697.83,4696.41,4697.34,109,42,0
2026.05.06 22:38:00,4697.42,4699.39,4697.16,4698.2,171,42,0
2026.05.06 22:39:00,4698.16,4698.16,4696.6,4697.14,133,42,0
2026.05.06 22:40:00,4697.13,4697.3,4696.83,4697.27,91,42,0
2026.05.06 22:41:00,4697.28,4697.73,4696.83,4696.88,68,42,0
2026.05.06 22:42:00,4696.77,4698.01,4696.3,4698.01,125,42,0
2026.05.06 22:43:00,4697.84,4699.56,4697.31,4699.26,171,42,0
2026.05.06 22:44:00,4699.22,4699.22,4698.37,4698.76,111,35,0
2026.05.06 22:45:00,4698.76,4698.76,4697.01,4697.36,160,41,0
2026.05.06 22:46:00,4697.37,4697.86,4696.75,4696.82,116,42,0
2026.05.06 22:47:00,4696.79,4696.79,4695.82,4696.57,139,42,0
2026.05.06 22:48:00,4696.56,4697.4,4696.46,4696.46,100,42,0
2026.05.06 22:49:00,4696.46,4698.18,4696.07,4697.57,132,42,0
2026.05.06 22:50:00,4697.58,4698.03,4697.35,4697.38,108,42,0
2026.05.06 22:51:00,4697.33,4698.46,4696.73,4696.78,138,42,0
2026.05.06 22:52:00,4696.78,4696.81,4695.76,4695.76,183,42,0
2026.05.06 22:53:00,4695.75,4696.56,4695.75,4696.15,131,42,0
2026.05.06 22:54:00,4696.13,4696.97,4695.96,4696.03,126,42,0
2026.05.06 22:55:00,4696.02,4697.02,4695.38,4695.48,131,42,0
2026.05.06 22:56:00,4695.47,4695.6,4694.33,4694.61,154,42,0
2026.05.06 22:57:00,4694.62,4695.65,4694.62,4695.65,78,42,0
2026.05.06 22:58:00,4695.65,4696.34,4694.97,4695.99,129,35,0
2026.05.06 22:59:00,4695.99,4696.42,4694.57,4694.77,214,35,0
2026.05.06 23:00:00,4694.75,4695.07,4694.18,4694.81,199,42,0
2026.05.06 23:01:00,4694.82,4695.2,4693.95,4694.22,123,42,0
2026.05.06 23:02:00,4694.23,4695.39,4694.18,4695.13,126,42,0
2026.05.06 23:03:00,4695.02,4696.91,4694.95,4696.85,151,42,0
2026.05.06 23:04:00,4696.84,4696.9,4696.27,4696.64,110,42,0
2026.05.06 23:05:00,4696.64,4696.79,4695.68,4696.76,130,42,0
2026.05.06 23:06:00,4697.03,4698.28,4696.44,4697.93,192,42,0
2026.05.06 23:07:00,4698.01,4698.41,4696.98,4697.02,171,42,0
2026.05.06 23:08:00,4697.02,4697.04,4696.61,4696.79,102,42,0
2026.05.06 23:09:00,4696.81,4697.68,4696.79,4697.35,120,42,0
2026.05.06 23:10:00,4696.96,4697.12,4695.66,4696.26,127,42,0
2026.05.06 23:11:00,4696.26,4696.27,4694.83,4694.95,129,42,0
2026.05.06 23:12:00,4694.94,4694.96,4694.2,4694.43,169,42,0
2026.05.06 23:13:00,4694.43,4694.76,4693.92,4694.04,112,42,0
2026.05.06 23:14:00,4694.02,4694.73,4693.86,4694.27,93,42,0
2026.05.06 23:15:00,4694.22,4695.01,4693.83,4695.01,145,42,0
2026.05.06 23:16:00,4695.01,4695.6,4694.52,4695.32,166,42,0
2026.05.06 23:17:00,4695.32,4695.58,4694.21,4695.29,136,42,0
2026.05.06 23:18:00,4695.21,4696.58,4695.21,4696.5,128,42,0
2026.05.06 23:19:00,4696.5,4697.9,4696.3,4696.7,158,41,0
2026.05.06 23:20:00,4696.7,4697.19,4695.49,4696.09,184,42,0
2026.05.06 23:21:00,4696.08,4696.08,4693.17,4693.42,206,42,0
2026.05.06 23:22:00,4693.35,4694.0,4693.14,4693.3,135,42,0
2026.05.06 23:23:00,4693.3,4693.59,4692.51,4693.35,175,42,0
2026.05.06 23:24:00,4693.38,4693.85,4693.34,4693.7,110,42,0
2026.05.06 23:25:00,4693.63,4693.95,4692.06,4692.7,201,42,0
2026.05.06 23:26:00,4692.71,4693.25,4692.56,4692.73,123,41,0
2026.05.06 23:27:00,4692.71,4693.33,4691.11,4691.62,184,42,0
2026.05.06 23:28:00,4691.63,4691.76,4690.04,4691.29,185,42,0
2026.05.06 23:29:00,4691.27,4693.95,4690.73,4693.13,176,42,0
2026.05.06 23:30:00,4693.2,4693.63,4692.37,4692.86,201,42,0
2026.05.06 23:31:00,4692.87,4693.24,4692.39,4692.5,187,42,0
2026.05.06 23:32:00,4692.5,4693.0,4691.61,4692.23,238,42,0
2026.05.06 23:33:00,4692.24,4692.24,4691.54,4691.74,133,42,0
2026.05.06 23:34:00,4691.74,4693.05,4691.71,4692.94,108,42,0
2026.05.06 23:35:00,4692.87,4693.37,4692.64,4693.16,126,42,0
2026.05.06 23:36:00,4693.19,4693.81,4693.12,4693.57,95,42,0
2026.05.06 23:37:00,4693.62,4694.27,4693.43,4694.2,89,42,0
2026.05.06 23:38:00,4694.27,4694.27,4693.46,4693.46,107,42,0
2026.05.06 23:39:00,4693.46,4693.92,4692.94,4693.0,91,42,0
2026.05.06 23:40:00,4693.11,4693.11,4692.66,4692.84,127,42,0
2026.05.06 23:41:00,4692.83,4693.65,4692.82,4693.33,74,42,0
2026.05.06 23:42:00,4693.32,4693.62,4693.1,4693.48,78,42,0
2026.05.06 23:43:00,4693.5,4693.52,4693.02,4693.02,79,42,0
2026.05.06 23:44:00,4693.03,4693.59,4692.98,4693.5,78,42,0
2026.05.06 23:45:00,4693.48,4699.01,4693.42,4698.72,274,42,0
2026.05.06 23:46:00,4698.73,4699.01,4697.92,4698.7,211,42,0
2026.05.06 23:47:00,4698.69,4699.5,4698.4,4698.93,186,42,0
2026.05.06 23:48:00,4698.94,4699.12,4696.95,4697.51,243,42,0
2026.05.06 23:49:00,4697.53,4697.58,4696.7,4696.9,166,42,0
2026.05.06 23:50:00,4696.9,4697.7,4695.81,4697.21,195,42,0
2026.05.06 23:51:00,4697.21,4697.24,4696.16,4696.5,168,42,0
2026.05.06 23:52:00,4696.53,4696.84,4695.78,4696.03,124,42,0
2026.05.06 23:53:00,4696.04,4696.6,4695.74,4696.25,111,42,0
2026.05.06 23:54:00,4696.25,4696.81,4695.99,4696.67,152,42,0
2026.05.06 23:55:00,4696.67,4698.37,4696.63,4697.33,220,42,0
2026.05.06 23:56:00,4697.27,4697.27,4696.48,4696.73,197,42,0
2026.05.06 23:57:00,4696.73,4697.43,4696.51,4697.34,207,42,0
2026.05.06 23:58:00,4697.31,4698.93,4697.27,4698.31,254,42,0
2026.05.06 23:59:00,4698.33,4698.81,4698.03,4698.79,127,42,0
2026.05.07 00:00:00,4698.74,4700.65,4697.27,4697.48,396,42,0
